type,repo,line_of_code
api,https://github.com/Vchitect/VBench,https://github.com/Vchitect/VBench/blob/d2c30cab5497472af4798bc86f6eb47659381cb4/VBench-2.0/vbench2/third_party/ViTDetector/third_party/YOLO-World/mmyolo/tools/analysis_tools/vis_scheduler.py#L106
cli,https://github.com/EleutherAI/lm-evaluation-harness,https://github.com/EleutherAI/lm-evaluation-harness/blob/9f152e0b89e777a17a21e9207da2ae4c1ea8beec/lm_eval/tasks/basque_bench/flores_eu/create_yamls_flores_eu.py#L332
cli,https://github.com/google-deepmind/meltingpot,https://github.com/google-deepmind/meltingpot/blob/f280a35a4ffe5a7613b5c4a062a66fd18c64876c/meltingpot/configs/scenarios/scenario_configs_test.py#L126
api,https://github.com/mlcommons/inference,https://github.com/mlcommons/inference/blob/cc7d6d8eabc5cc60f8b2e540f25f1edd2a9f6cd3/tools/upscale_coco/coco.py#L496
api,https://github.com/stanford-crfm/helm,https://github.com/stanford-crfm/helm/blob/68b6aa9a01598aa0d371507c4c7299260eb9c4e6/src/helm/benchmark/run_specs/safety_run_specs.py#L156
api,https://github.com/HumanCompatibleAI/overcooked_ai,https://github.com/HumanCompatibleAI/overcooked_ai/blob/739950a079cdaed5a44fcc662efc40244c205d06/src/overcooked_demo/server/app.py#L587
api,https://github.com/evidentlyai/evidently,https://github.com/evidentlyai/evidently/blob/609cc2afbfa28c6b37be725b9f1f61bd18136990/src/evidently/ui/workspace.py#L248
cli,https://github.com/simpler-env/SimplerEnv,https://github.com/simpler-env/SimplerEnv/blob/4ab7178e83e84ee06894034ec6dbf9e7aad1e882/simpler_env/utils/debug/octo_inference_real_video.py#L134
api,https://github.com/beir-cellar/beir,https://github.com/beir-cellar/beir/blob/6ef8c9097ebfb203ad360bd64e0cfb93e64f4a44/beir/retrieval/evaluation.py#L125
api,https://github.com/Vchitect/VBench,https://github.com/Vchitect/VBench/blob/d2c30cab5497472af4798bc86f6eb47659381cb4/VBench-2.0/vbench2/third_party/LLaVA_NeXT/scripts/archived/convert_sqa_to_llava.py#L51
api,https://github.com/openai/evals,https://github.com/openai/evals/blob/cdb8ce9547e68b8e5e4520b6a162294c06865c0f/evals/eval.py#L90
api,https://github.com/EleutherAI/lm-evaluation-harness,https://github.com/EleutherAI/lm-evaluation-harness/blob/9f152e0b89e777a17a21e9207da2ae4c1ea8beec/lm_eval/tasks/darija_bench/darija_summarization/utils.py#L48
cli,https://github.com/snap-stanford/ogb,https://github.com/snap-stanford/ogb/blob/61e9784ca76edeaa6e259ba0f836099608ff0586/ogb/graphproppred/dataset.py#L166
api,https://github.com/EvolvingLMMs-Lab/lmms-eval,https://github.com/EvolvingLMMs-Lab/lmms-eval/blob/c4a31289c56a673aba99d2015a1db1decf5308e7/lmms_eval/tasks/mmbench/cc_utils.py#L92
api,https://github.com/confident-ai/deepeval,https://github.com/confident-ai/deepeval/blob/f296dc03b76b5fb5cc124d2dbb10367af0a5777d/deepeval/plugins/plugin.py#L40
cli,https://github.com/UKGovernmentBEIS/inspect_ai,https://github.com/UKGovernmentBEIS/inspect_ai/blob/70fb9f6885db89779cd637619bbba614e7b0271a/src/inspect_ai/_cli/main.py#L59
api,https://github.com/EvolvingLMMs-Lab/lmms-eval,https://github.com/EvolvingLMMs-Lab/lmms-eval/blob/c4a31289c56a673aba99d2015a1db1decf5308e7/lmms_eval/tasks/longvideobench/utils.py#L114
api,https://github.com/stanford-crfm/helm,https://github.com/stanford-crfm/helm/blob/68b6aa9a01598aa0d371507c4c7299260eb9c4e6/src/helm/benchmark/run_specs/sql_run_specs.py#L34
api,https://github.com/openai/evals,https://github.com/openai/evals/blob/cdb8ce9547e68b8e5e4520b6a162294c06865c0f/evals/elsuite/multistep_web_tasks/webarena/evaluation_harness/helper_functions.py#L106
api,https://github.com/explodinggradients/ragas,https://github.com/explodinggradients/ragas/blob/5d59549ad5ef511f621502c563bc55ac5aeb9188/experimental/ragas_experimental/backends/ragas_api_client.py#L341
api,https://github.com/explodinggradients/ragas,https://github.com/explodinggradients/ragas/blob/5d59549ad5ef511f621502c563bc55ac5aeb9188/ragas/src/ragas/validation.py#L23
api,https://github.com/Marker-Inc-Korea/AutoRAG,https://github.com/Marker-Inc-Korea/AutoRAG/blob/8c72159df28006e0d6c548bbf0c133dde2650fd8/api/app.py#L486
api,https://github.com/comet-ml/opik,https://github.com/comet-ml/opik/blob/72628f77bade9dfb508cc22ce71362bb0e6ed132/sdks/python/src/opik/evaluation/metrics/models.py#L5
cli,https://github.com/Marker-Inc-Korea/AutoRAG,https://github.com/Marker-Inc-Korea/AutoRAG/blob/8c72159df28006e0d6c548bbf0c133dde2650fd8/autorag/sample_dataset/msmarco/load_msmarco_dataset.py#L36
api,https://github.com/open-compass/VLMEvalKit,https://github.com/open-compass/VLMEvalKit/blob/50c954aad1d92dab9bf5d23f62576c994b4a675f/vlmeval/vlm/ovis/utils/mdp3.py#L262
api,https://github.com/Cloud-CV/EvalAI,https://github.com/Cloud-CV/EvalAI/blob/8d1444f233a84f57b4a6b3db2bc7503da4cc7194/apps/participants/serializers.py#L151
api,https://github.com/EvolvingLMMs-Lab/lmms-eval,https://github.com/EvolvingLMMs-Lab/lmms-eval/blob/c4a31289c56a673aba99d2015a1db1decf5308e7/lmms_eval/tasks/refcocog/utils_rec.py#L220
api,https://github.com/beir-cellar/beir,https://github.com/beir-cellar/beir/blob/6ef8c9097ebfb203ad360bd64e0cfb93e64f4a44/beir/retrieval/search/dense/faiss_search.py#L185
api,https://github.com/stanford-crfm/helm,https://github.com/stanford-crfm/helm/blob/68b6aa9a01598aa0d371507c4c7299260eb9c4e6/src/helm/benchmark/run_specs/classic_run_specs.py#L1427
api,https://github.com/Vchitect/VBench,https://github.com/Vchitect/VBench/blob/d2c30cab5497472af4798bc86f6eb47659381cb4/VBench-2.0/vbench2/third_party/YOLO-World/yolo_world/models/dense_heads/yolo_world_seg_head.py#L336
api,https://github.com/stanford-crfm/helm,https://github.com/stanford-crfm/helm/blob/68b6aa9a01598aa0d371507c4c7299260eb9c4e6/src/helm/common/key_value_store.py#L34
api,https://github.com/tensorflow/model-analysis,https://github.com/tensorflow/model-analysis/blob/b703eae15ebb46ca40923e2daa955750e3893a20/tensorflow_model_analysis/eval_metrics_graph/eval_metrics_graph.py#L201
api,https://github.com/EvolvingLMMs-Lab/lmms-eval,https://github.com/EvolvingLMMs-Lab/lmms-eval/blob/c4a31289c56a673aba99d2015a1db1decf5308e7/lmms_eval/tasks/mmupd/utils.py#L71
api,https://github.com/EvolvingLMMs-Lab/lmms-eval,https://github.com/EvolvingLMMs-Lab/lmms-eval/blob/c4a31289c56a673aba99d2015a1db1decf5308e7/lmms_eval/tasks/funqa/utils.py#L358
cli,https://github.com/EleutherAI/lm-evaluation-harness,https://github.com/EleutherAI/lm-evaluation-harness/blob/9f152e0b89e777a17a21e9207da2ae4c1ea8beec/lm_eval/tasks/bigbench/generate_tasks.py#L229
api,https://github.com/Giskard-AI/giskard,https://github.com/Giskard-AI/giskard/blob/6808a562cc1c565e6cf88aeb1fd1f77d28fe76ba/giskard/functions/slicing.py#L18
cli,https://github.com/pykeen/pykeen,https://github.com/pykeen/pykeen/blob/42bfa99a17ee489d0d54dc6332d5cc71fc0ded08/src/pykeen/datasets/wordnet.py#L88
api,https://github.com/pytorch/benchmark,https://github.com/pytorch/benchmark/blob/68cf9dffe5df4eedac42512dc92598fffff335ae/userbenchmark/dynamo/dynamobench/_dynamo/utils.py#L4462
api,https://github.com/pytorch/benchmark,https://github.com/pytorch/benchmark/blob/68cf9dffe5df4eedac42512dc92598fffff335ae/userbenchmark/dynamo/dynamobench/_dynamo/utils.py#L2205
cli,https://github.com/openai/evals,https://github.com/openai/evals/blob/cdb8ce9547e68b8e5e4520b6a162294c06865c0f/evals/elsuite/hr_ml_agent_bench/benchmarks/cifar10/env/train.py#L139
api,https://github.com/tensorflow/model-analysis,https://github.com/tensorflow/model-analysis/blob/b703eae15ebb46ca40923e2daa955750e3893a20/tensorflow_model_analysis/view/view_types.py#L172
api,https://github.com/confident-ai/deepeval,https://github.com/confident-ai/deepeval/blob/f296dc03b76b5fb5cc124d2dbb10367af0a5777d/deepeval/cli/main.py#L401
cli,https://github.com/stanford-crfm/helm,https://github.com/stanford-crfm/helm/blob/68b6aa9a01598aa0d371507c4c7299260eb9c4e6/src/helm/benchmark/slurm_runner.py#L362
api,https://github.com/Vchitect/VBench,https://github.com/Vchitect/VBench/blob/d2c30cab5497472af4798bc86f6eb47659381cb4/vbench2_beta_i2v/third_party/cotracker/models/core/cotracker/losses.py#L41
cli,https://github.com/pytorch/benchmark,https://github.com/pytorch/benchmark/blob/68cf9dffe5df4eedac42512dc92598fffff335ae/torchbenchmark/canary_models/diffuser_instruct_pix2pix/install.py#L18
api,https://github.com/EvolvingLMMs-Lab/lmms-eval,https://github.com/EvolvingLMMs-Lab/lmms-eval/blob/c4a31289c56a673aba99d2015a1db1decf5308e7/lmms_eval/tasks/air_bench/utils.py#L166
api,https://github.com/explodinggradients/ragas,https://github.com/explodinggradients/ragas/blob/5d59549ad5ef511f621502c563bc55ac5aeb9188/ragas/src/ragas/dataset_schema.py#L270
api,https://github.com/tatsu-lab/alpaca_eval,https://github.com/tatsu-lab/alpaca_eval/blob/f19c323d8309d0d6f306bd26597db44fc6c62d57/src/alpaca_eval/plotting.py#L165
api,https://github.com/stanford-crfm/helm,https://github.com/stanford-crfm/helm/blob/68b6aa9a01598aa0d371507c4c7299260eb9c4e6/src/helm/benchmark/run_specs/instruction_following_run_specs.py#L79
cli,https://github.com/openai/evals,https://github.com/openai/evals/blob/cdb8ce9547e68b8e5e4520b6a162294c06865c0f/evals/elsuite/identifying_variables/scripts/make_plots.py#L376
api,https://github.com/stanford-crfm/helm,https://github.com/stanford-crfm/helm/blob/68b6aa9a01598aa0d371507c4c7299260eb9c4e6/src/helm/benchmark/run_specs/classic_run_specs.py#L1067
api,https://github.com/Giskard-AI/giskard,https://github.com/Giskard-AI/giskard/blob/6808a562cc1c565e6cf88aeb1fd1f77d28fe76ba/giskard/functions/transformation.py#L152
api,https://github.com/evidentlyai/evidently,https://github.com/evidentlyai/evidently/blob/609cc2afbfa28c6b37be725b9f1f61bd18136990/src/evidently/ui/service/managers/auth.py#L361
cli,https://github.com/pykeen/pykeen,https://github.com/pykeen/pykeen/blob/42bfa99a17ee489d0d54dc6332d5cc71fc0ded08/src/pykeen/datasets/countries.py#L46
cli,https://github.com/evalplus/evalplus,https://github.com/evalplus/evalplus/blob/d362e933265c3e7e3df8101c930a89c3c470cd9f/evalplus/codegen.py#L271
api,https://github.com/EvolvingLMMs-Lab/lmms-eval,https://github.com/EvolvingLMMs-Lab/lmms-eval/blob/c4a31289c56a673aba99d2015a1db1decf5308e7/lmms_eval/tasks/capability/utils.py#L227
api,https://github.com/Vchitect/VBench,https://github.com/Vchitect/VBench/blob/d2c30cab5497472af4798bc86f6eb47659381cb4/VBench-2.0/vbench2/third_party/LLaVA_NeXT/llava/model/llava_arch.py#L198
cli,https://github.com/Vchitect/VBench,https://github.com/Vchitect/VBench/blob/d2c30cab5497472af4798bc86f6eb47659381cb4/VBench-2.0/vbench2/third_party/LLaVA_NeXT/playground/equal_splitter.py#L37
cli,https://github.com/pykeen/pykeen,https://github.com/pykeen/pykeen/blob/42bfa99a17ee489d0d54dc6332d5cc71fc0ded08/src/pykeen/hpo/cli.py#L53
api,https://github.com/pytorch/benchmark,https://github.com/pytorch/benchmark/blob/68cf9dffe5df4eedac42512dc92598fffff335ae/userbenchmark/dynamo/dynamobench/_dynamo/utils.py#L3887
api,https://github.com/comet-ml/opik,https://github.com/comet-ml/opik/blob/72628f77bade9dfb508cc22ce71362bb0e6ed132/apps/opik-guardrails-backend/scripts/benchmark.py#L175
api,https://github.com/truera/trulens,https://github.com/truera/trulens/blob/57df4120d19dd1a0b59efc6cccb0de205ac403e0/src/core/trulens/core/utils/python.py#L349
api,https://github.com/stanford-crfm/helm,https://github.com/stanford-crfm/helm/blob/68b6aa9a01598aa0d371507c4c7299260eb9c4e6/src/helm/benchmark/run_specs/classic_run_specs.py#L730
api,https://github.com/Cloud-CV/EvalAI,https://github.com/Cloud-CV/EvalAI/blob/8d1444f233a84f57b4a6b3db2bc7503da4cc7194/middleware/statsd/statsd_middleware.py#L13
api,https://github.com/pytorch/benchmark,https://github.com/pytorch/benchmark/blob/68cf9dffe5df4eedac42512dc92598fffff335ae/torchbenchmark/_components/model_analyzer/dcgm/dcgm_field_helpers.py#L274
api,https://github.com/stanford-crfm/helm,https://github.com/stanford-crfm/helm/blob/68b6aa9a01598aa0d371507c4c7299260eb9c4e6/src/helm/clients/audio_language/llama_omni/utils.py#L199
api,https://github.com/Vchitect/VBench,https://github.com/Vchitect/VBench/blob/d2c30cab5497472af4798bc86f6eb47659381cb4/VBench-2.0/vbench2/third_party/LLaVA_NeXT/trl/models/modeling_base.py#L541
api,https://github.com/stanford-crfm/helm,https://github.com/stanford-crfm/helm/blob/68b6aa9a01598aa0d371507c4c7299260eb9c4e6/src/helm/benchmark/run_specs/decodingtrust_run_specs.py#L200
api,https://github.com/modelscope/evalscope,https://github.com/modelscope/evalscope/blob/2a49bccc14f69b9a3464f16d4672823a0a7bcb98/evalscope/metrics/t2v_metrics/models/vqascore_models/lavis/common/utils.py#L215
api,https://github.com/stanford-crfm/helm,https://github.com/stanford-crfm/helm/blob/68b6aa9a01598aa0d371507c4c7299260eb9c4e6/src/helm/benchmark/run_specs/classic_run_specs.py#L454
api,https://github.com/EvolvingLMMs-Lab/lmms-eval,https://github.com/EvolvingLMMs-Lab/lmms-eval/blob/c4a31289c56a673aba99d2015a1db1decf5308e7/lmms_eval/tasks/mmsearch/lmms_eval_utils.py#L394
cli,https://github.com/tensorflow/model-analysis,https://github.com/tensorflow/model-analysis/blob/b703eae15ebb46ca40923e2daa955750e3893a20/tensorflow_model_analysis/evaluators/confidence_intervals_util_test.py#L328
api,https://github.com/EvolvingLMMs-Lab/lmms-eval,https://github.com/EvolvingLMMs-Lab/lmms-eval/blob/c4a31289c56a673aba99d2015a1db1decf5308e7/lmms_eval/tasks/jmmmu/utils.py#L58
api,https://github.com/modelscope/evalscope,https://github.com/modelscope/evalscope/blob/2a49bccc14f69b9a3464f16d4672823a0a7bcb98/evalscope/backend/opencompass/backend_manager.py#L130
api,https://github.com/EvolvingLMMs-Lab/lmms-eval,https://github.com/EvolvingLMMs-Lab/lmms-eval/blob/c4a31289c56a673aba99d2015a1db1decf5308e7/lmms_eval/tasks/mmsearch/lmms_eval_utils.py#L339
cli,https://github.com/evidentlyai/evidently,https://github.com/evidentlyai/evidently/blob/609cc2afbfa28c6b37be725b9f1f61bd18136990/setup.py#L125
api,https://github.com/Vchitect/VBench,https://github.com/Vchitect/VBench/blob/d2c30cab5497472af4798bc86f6eb47659381cb4/VBench-2.0/vbench2/third_party/cotracker/models/core/cotracker/losses.py#L56
api,https://github.com/EleutherAI/lm-evaluation-harness,https://github.com/EleutherAI/lm-evaluation-harness/blob/9f152e0b89e777a17a21e9207da2ae4c1ea8beec/lm_eval/tasks/aradice/ArabicMMLU/EGY/metrics.py#L12
cli,https://github.com/mlcommons/inference,https://github.com/mlcommons/inference/blob/cc7d6d8eabc5cc60f8b2e540f25f1edd2a9f6cd3/tools/submission/generate_final_report.py#L453
cli,https://github.com/allenai/reward-bench,https://github.com/allenai/reward-bench/blob/09eb3b5dd9d2157adc854c693a6a38105a8b3c87/scripts/submit_generative_jobs.py#L171
api,https://github.com/EvolvingLMMs-Lab/lmms-eval,https://github.com/EvolvingLMMs-Lab/lmms-eval/blob/c4a31289c56a673aba99d2015a1db1decf5308e7/lmms_eval/tasks/ai2d/utils.py#L7
api,https://github.com/EvolvingLMMs-Lab/lmms-eval,https://github.com/EvolvingLMMs-Lab/lmms-eval/blob/c4a31289c56a673aba99d2015a1db1decf5308e7/lmms_eval/tasks/capability/utils.py#L101
api,https://github.com/pykeen/pykeen,https://github.com/pykeen/pykeen/blob/42bfa99a17ee489d0d54dc6332d5cc71fc0ded08/src/pykeen/nn/text/cache.py#L43
api,https://github.com/open-compass/VLMEvalKit,https://github.com/open-compass/VLMEvalKit/blob/50c954aad1d92dab9bf5d23f62576c994b4a675f/vlmeval/dataset/Omnidocbench/utils.py#L1800
api,https://github.com/stanford-crfm/helm,https://github.com/stanford-crfm/helm/blob/68b6aa9a01598aa0d371507c4c7299260eb9c4e6/src/helm/clients/image_generation/cogview2/sr_pipeline/dsr_model.py#L110
cli,https://github.com/allenai/reward-bench,https://github.com/allenai/reward-bench/blob/09eb3b5dd9d2157adc854c693a6a38105a8b3c87/rewardbench/rewardbench.py#L700
api,https://github.com/Giskard-AI/giskard,https://github.com/Giskard-AI/giskard/blob/6808a562cc1c565e6cf88aeb1fd1f77d28fe76ba/giskard/registry/decorators_utils.py#L65
api,https://github.com/google-deepmind/meltingpot,https://github.com/google-deepmind/meltingpot/blob/f280a35a4ffe5a7613b5c4a062a66fd18c64876c/meltingpot/utils/scenarios/scenario_factory.py#L65
cli,https://github.com/mlcommons/inference,https://github.com/mlcommons/inference/blob/cc7d6d8eabc5cc60f8b2e540f25f1edd2a9f6cd3/compliance/nvidia/TEST04/run_verification.py#L122
cli,https://github.com/pytorch/benchmark,https://github.com/pytorch/benchmark/blob/68cf9dffe5df4eedac42512dc92598fffff335ae/torchbenchmark/models/speech_transformer/speech_transformer/utils/json2trn.py#L13
api,https://github.com/EvolvingLMMs-Lab/lmms-eval,https://github.com/EvolvingLMMs-Lab/lmms-eval/blob/c4a31289c56a673aba99d2015a1db1decf5308e7/lmms_eval/tasks/xlrs/mcq_utils.py#L107
api,https://github.com/EleutherAI/lm-evaluation-harness,https://github.com/EleutherAI/lm-evaluation-harness/blob/9f152e0b89e777a17a21e9207da2ae4c1ea8beec/lm_eval/tasks/ruler/niah_utils.py#L40
cli,https://github.com/openai/evals,https://github.com/openai/evals/blob/cdb8ce9547e68b8e5e4520b6a162294c06865c0f/evals/elsuite/steganography/scripts/make_plots.py#L91
cli,https://github.com/open-compass/OpenCompass,https://github.com/open-compass/OpenCompass/blob/8379c4bca0e19aab4059a0eb7a739fa58f3b2759/tools/compare_configs.py#L83
api,https://github.com/open-compass/VLMEvalKit,https://github.com/open-compass/VLMEvalKit/blob/50c954aad1d92dab9bf5d23f62576c994b4a675f/vlmeval/dataset/utils/mmsci.py#L412
cli,https://github.com/open-compass/OpenCompass,https://github.com/open-compass/OpenCompass/blob/8379c4bca0e19aab4059a0eb7a739fa58f3b2759/opencompass/utils/lark.py#L52
api,https://github.com/huggingface/lighteval,https://github.com/huggingface/lighteval/blob/9771f3a02ba28a57f8777902d0c36ea7dd445026/src/lighteval/models/nanotron/nanotron_model.py#L328
api,https://github.com/Vchitect/VBench,https://github.com/Vchitect/VBench/blob/d2c30cab5497472af4798bc86f6eb47659381cb4/VBench-2.0/vbench2/third_party/ViTDetector/third_party/YOLO-World/mmyolo/mmyolo/utils/boxam_utils.py#L473
api,https://github.com/stanford-crfm/helm,https://github.com/stanford-crfm/helm/blob/68b6aa9a01598aa0d371507c4c7299260eb9c4e6/src/helm/benchmark/run_specs/lite_run_specs.py#L162
api,https://github.com/Marker-Inc-Korea/AutoRAG,https://github.com/Marker-Inc-Korea/AutoRAG/blob/8c72159df28006e0d6c548bbf0c133dde2650fd8/api/app.py#L124
api,https://github.com/modelscope/evalscope,https://github.com/modelscope/evalscope/blob/2a49bccc14f69b9a3464f16d4672823a0a7bcb98/evalscope/utils/arena_utils.py#L193
api,https://github.com/HumanCompatibleAI/overcooked_ai,https://github.com/HumanCompatibleAI/overcooked_ai/blob/739950a079cdaed5a44fcc662efc40244c205d06/src/human_aware_rl/rllib/rllib.py#L503
api,https://github.com/evidentlyai/evidently,https://github.com/evidentlyai/evidently/blob/609cc2afbfa28c6b37be725b9f1f61bd18136990/src/evidently/pydantic_utils.py#L590
api,https://github.com/modelscope/evalscope,https://github.com/modelscope/evalscope/blob/2a49bccc14f69b9a3464f16d4672823a0a7bcb98/evalscope/app/app.py#L584
cli,https://github.com/evalplus/evalplus,https://github.com/evalplus/evalplus/blob/d362e933265c3e7e3df8101c930a89c3c470cd9f/evalplus/perf/select_pe_tasks.py#L239
cli,https://github.com/EleutherAI/lm-evaluation-harness,https://github.com/EleutherAI/lm-evaluation-harness/blob/9f152e0b89e777a17a21e9207da2ae4c1ea8beec/lm_eval/tasks/afrobench/masakhaner/gen_utils.py#L137
api,https://github.com/EvolvingLMMs-Lab/lmms-eval,https://github.com/EvolvingLMMs-Lab/lmms-eval/blob/c4a31289c56a673aba99d2015a1db1decf5308e7/lmms_eval/tasks/temporalbench/utils.py#L35
cli,https://github.com/pytorch/benchmark,https://github.com/pytorch/benchmark/blob/68cf9dffe5df4eedac42512dc92598fffff335ae/torchbenchmark/canary_models/lit_llama_generate/install.py#L3
api,https://github.com/mlcommons/inference,https://github.com/mlcommons/inference/blob/cc7d6d8eabc5cc60f8b2e540f25f1edd2a9f6cd3/recommendation/dlrm_v2/pytorch/python/dataset.py#L59
api,https://github.com/stanford-crfm/helm,https://github.com/stanford-crfm/helm/blob/68b6aa9a01598aa0d371507c4c7299260eb9c4e6/src/helm/benchmark/run_specs/audio_run_specs.py#L463
api,https://github.com/UKGovernmentBEIS/inspect_ai,https://github.com/UKGovernmentBEIS/inspect_ai/blob/70fb9f6885db89779cd637619bbba614e7b0271a/src/inspect_tool_support/src/inspect_tool_support/_remote_tools/_web_browser/json_rpc_methods.py#L50
cli,https://github.com/mlcommons/inference,https://github.com/mlcommons/inference/blob/cc7d6d8eabc5cc60f8b2e540f25f1edd2a9f6cd3/vision/medical_imaging/3d-unet-kits19/accuracy_kits.py#L350
cli,https://github.com/EleutherAI/lm-evaluation-harness,https://github.com/EleutherAI/lm-evaluation-harness/blob/9f152e0b89e777a17a21e9207da2ae4c1ea8beec/lm_eval/tasks/afrobench/openai_mmlu/utils.py#L98
api,https://github.com/EleutherAI/lm-evaluation-harness,https://github.com/EleutherAI/lm-evaluation-harness/blob/9f152e0b89e777a17a21e9207da2ae4c1ea8beec/lm_eval/tasks/score/agi_eval/utils_agieval.py#L148
api,https://github.com/EvolvingLMMs-Lab/lmms-eval,https://github.com/EvolvingLMMs-Lab/lmms-eval/blob/c4a31289c56a673aba99d2015a1db1decf5308e7/lmms_eval/tasks/librispeech/utils.py#L39
api,https://github.com/beir-cellar/beir,https://github.com/beir-cellar/beir/blob/6ef8c9097ebfb203ad360bd64e0cfb93e64f4a44/beir/retrieval/models/sentence_bert.py#L56
api,https://github.com/confident-ai/deepeval,https://github.com/confident-ai/deepeval/blob/f296dc03b76b5fb5cc124d2dbb10367af0a5777d/deepeval/conversation_simulator/conversation_simulator.py#L56
api,https://github.com/evidentlyai/evidently,https://github.com/evidentlyai/evidently/blob/609cc2afbfa28c6b37be725b9f1f61bd18136990/src/evidently/core/report.py#L392
api,https://github.com/EvolvingLMMs-Lab/lmms-eval,https://github.com/EvolvingLMMs-Lab/lmms-eval/blob/c4a31289c56a673aba99d2015a1db1decf5308e7/lmms_eval/api/registry.py#L59
api,https://github.com/truera/trulens,https://github.com/truera/trulens/blob/57df4120d19dd1a0b59efc6cccb0de205ac403e0/src/providers/openai/trulens/providers/openai/provider.py#L241
api,https://github.com/pytorch/benchmark,https://github.com/pytorch/benchmark/blob/68cf9dffe5df4eedac42512dc92598fffff335ae/torchbenchmark/_components/model_analyzer/dcgm/dcgm_agent.py#L716
api,https://github.com/EvolvingLMMs-Lab/lmms-eval,https://github.com/EvolvingLMMs-Lab/lmms-eval/blob/c4a31289c56a673aba99d2015a1db1decf5308e7/lmms_eval/tasks/k12/utils.py#L68
api,https://github.com/EleutherAI/lm-evaluation-harness,https://github.com/EleutherAI/lm-evaluation-harness/blob/9f152e0b89e777a17a21e9207da2ae4c1ea8beec/lm_eval/tasks/score/math/utils_math.py#L234
api,https://github.com/EvolvingLMMs-Lab/lmms-eval,https://github.com/EvolvingLMMs-Lab/lmms-eval/blob/c4a31289c56a673aba99d2015a1db1decf5308e7/lmms_eval/tasks/refcocog/utils.py#L133
api,https://github.com/Cloud-CV/EvalAI,https://github.com/Cloud-CV/EvalAI/blob/8d1444f233a84f57b4a6b3db2bc7503da4cc7194/apps/jobs/serializers.py#L188
api,https://github.com/Cloud-CV/EvalAI,https://github.com/Cloud-CV/EvalAI/blob/8d1444f233a84f57b4a6b3db2bc7503da4cc7194/apps/jobs/serializers.py#L185
api,https://github.com/UKGovernmentBEIS/inspect_ai,https://github.com/UKGovernmentBEIS/inspect_ai/blob/70fb9f6885db89779cd637619bbba614e7b0271a/src/inspect_ai/_display/textual/widgets/vscode.py#L45
api,https://github.com/truera/trulens,https://github.com/truera/trulens/blob/57df4120d19dd1a0b59efc6cccb0de205ac403e0/src/dashboard/trulens/dashboard/ux/components.py#L257
api,https://github.com/Vchitect/VBench,https://github.com/Vchitect/VBench/blob/d2c30cab5497472af4798bc86f6eb47659381cb4/vbench/third_party/umt/models/modeling_pretrain.py#L281
api,https://github.com/EleutherAI/lm-evaluation-harness,https://github.com/EleutherAI/lm-evaluation-harness/blob/9f152e0b89e777a17a21e9207da2ae4c1ea8beec/lm_eval/decontamination/archiver.py#L134
api,https://github.com/stanford-crfm/helm,https://github.com/stanford-crfm/helm/blob/68b6aa9a01598aa0d371507c4c7299260eb9c4e6/src/helm/proxy/server.py#L217
cli,https://github.com/pytorch/benchmark,https://github.com/pytorch/benchmark/blob/68cf9dffe5df4eedac42512dc92598fffff335ae/test.py#L189
api,https://github.com/openai/evals,https://github.com/openai/evals/blob/cdb8ce9547e68b8e5e4520b6a162294c06865c0f/evals/registry/data/simple_physics_engine/wave_function_collapse.py#L182
cli,https://github.com/truera/trulens,https://github.com/truera/trulens/blob/57df4120d19dd1a0b59efc6cccb0de205ac403e0/src/connectors/snowflake/trulens/data/sis_dashboard/pages/Records.py#L3
cli,https://github.com/snap-stanford/ogb,https://github.com/snap-stanford/ogb/blob/61e9784ca76edeaa6e259ba0f836099608ff0586/ogb/lsc/pcqm4mv2_pyg.py#L106
api,https://github.com/EvolvingLMMs-Lab/lmms-eval,https://github.com/EvolvingLMMs-Lab/lmms-eval/blob/c4a31289c56a673aba99d2015a1db1decf5308e7/lmms_eval/tasks/mmmu/utils_group_img.py#L163
api,https://github.com/open-compass/OpenCompass,https://github.com/open-compass/OpenCompass/blob/8379c4bca0e19aab4059a0eb7a739fa58f3b2759/opencompass/datasets/medbench/constructions.py#L101
cli,https://github.com/Vchitect/VBench,https://github.com/Vchitect/VBench/blob/d2c30cab5497472af4798bc86f6eb47659381cb4/VBench-2.0/vbench2/third_party/ViTDetector/third_party/YOLO-World/tools/test.py#L149
api,https://github.com/HowieHwong/TrustLLM,https://github.com/HowieHwong/TrustLLM/blob/16ce657080c24b32729ad824ac73bcf3e4e5f301/trustllm_pkg/trustllm/task/pipeline.py#L297
cli,https://github.com/pytorch/benchmark,https://github.com/pytorch/benchmark/blob/68cf9dffe5df4eedac42512dc92598fffff335ae/torchbenchmark/e2e_models/hf_t5/install.py#L11
api,https://github.com/microsoft/promptbench,https://github.com/microsoft/promptbench/blob/fcda538bd779ad11612818e0645a387a462b5c3b/promptbench/metrics/bleu/tokenizer_13a.py#L27
api,https://github.com/UKGovernmentBEIS/inspect_ai,https://github.com/UKGovernmentBEIS/inspect_ai/blob/70fb9f6885db89779cd637619bbba614e7b0271a/src/inspect_ai/model/_providers/providers.py#L59
api,https://github.com/pytorch/benchmark,https://github.com/pytorch/benchmark/blob/68cf9dffe5df4eedac42512dc92598fffff335ae/torchbenchmark/models/tacotron2/audio_processing.py#L66
api,https://github.com/HumanCompatibleAI/overcooked_ai,https://github.com/HumanCompatibleAI/overcooked_ai/blob/739950a079cdaed5a44fcc662efc40244c205d06/src/overcooked_ai_py/visualization/state_visualizer.py#L133
api,https://github.com/modelscope/evalscope,https://github.com/modelscope/evalscope/blob/2a49bccc14f69b9a3464f16d4672823a0a7bcb98/evalscope/metrics/t2v_metrics/models/vqascore_models/lavis/models/blip2_models/modeling_t5.py#L883
api,https://github.com/truera/trulens,https://github.com/truera/trulens/blob/57df4120d19dd1a0b59efc6cccb0de205ac403e0/src/benchmark/trulens/benchmark/benchmark_frameworks/experiments/dataset_preprocessing.py#L54
api,https://github.com/truera/trulens,https://github.com/truera/trulens/blob/57df4120d19dd1a0b59efc6cccb0de205ac403e0/src/feedback/trulens/feedback/llm_provider.py#L1416
cli,https://github.com/openai/evals,https://github.com/openai/evals/blob/cdb8ce9547e68b8e5e4520b6a162294c06865c0f/evals/elsuite/sandbagging/scripts/consistency_plots.py#L141
api,https://github.com/pytorch/benchmark,https://github.com/pytorch/benchmark/blob/68cf9dffe5df4eedac42512dc92598fffff335ae/userbenchmark/dynamo/dynamobench/_dynamo/utils.py#L3853
api,https://github.com/pytorch/benchmark,https://github.com/pytorch/benchmark/blob/68cf9dffe5df4eedac42512dc92598fffff335ae/torchbenchmark/util/model.py#L370
api,https://github.com/EvolvingLMMs-Lab/lmms-eval,https://github.com/EvolvingLMMs-Lab/lmms-eval/blob/c4a31289c56a673aba99d2015a1db1decf5308e7/lmms_eval/tasks/tedlium/utils.py#L171
api,https://github.com/stanford-crfm/helm,https://github.com/stanford-crfm/helm/blob/68b6aa9a01598aa0d371507c4c7299260eb9c4e6/src/helm/benchmark/run_specs/enterprise_run_specs.py#L195
api,https://github.com/stanford-crfm/helm,https://github.com/stanford-crfm/helm/blob/68b6aa9a01598aa0d371507c4c7299260eb9c4e6/src/helm/benchmark/run_specs/classic_run_specs.py#L268
api,https://github.com/HumanCompatibleAI/overcooked_ai,https://github.com/HumanCompatibleAI/overcooked_ai/blob/739950a079cdaed5a44fcc662efc40244c205d06/src/overcooked_ai_py/agents/benchmarking.py#L576
api,https://github.com/EleutherAI/lm-evaluation-harness,https://github.com/EleutherAI/lm-evaluation-harness/blob/9f152e0b89e777a17a21e9207da2ae4c1ea8beec/lm_eval/tasks/eq_bench/utils.py#L5
api,https://github.com/comet-ml/opik,https://github.com/comet-ml/opik/blob/72628f77bade9dfb508cc22ce71362bb0e6ed132/sdks/python/src/opik/api_objects/dataset/dataset.py#L309
api,https://github.com/stanford-crfm/helm,https://github.com/stanford-crfm/helm/blob/68b6aa9a01598aa0d371507c4c7299260eb9c4e6/src/helm/benchmark/run_specs/vlm_run_specs.py#L969
cli,https://github.com/google-deepmind/meltingpot,https://github.com/google-deepmind/meltingpot/blob/f280a35a4ffe5a7613b5c4a062a66fd18c64876c/meltingpot/human_players/play_paintball.py#L86
api,https://github.com/evidentlyai/evidently,https://github.com/evidentlyai/evidently/blob/609cc2afbfa28c6b37be725b9f1f61bd18136990/src/evidently/core/metric_types.py#L1127
api,https://github.com/confident-ai/deepeval,https://github.com/confident-ai/deepeval/blob/f296dc03b76b5fb5cc124d2dbb10367af0a5777d/deepeval/cli/main.py#L190
api,https://github.com/truera/trulens,https://github.com/truera/trulens/blob/57df4120d19dd1a0b59efc6cccb0de205ac403e0/src/feedback/trulens/feedback/llm_provider.py#L1008
api,https://github.com/truera/trulens,https://github.com/truera/trulens/blob/57df4120d19dd1a0b59efc6cccb0de205ac403e0/src/feedback/trulens/feedback/computer.py#L71
api,https://github.com/truera/trulens,https://github.com/truera/trulens/blob/57df4120d19dd1a0b59efc6cccb0de205ac403e0/src/feedback/trulens/feedback/llm_provider.py#L1077
api,https://github.com/mlcommons/inference,https://github.com/mlcommons/inference/blob/cc7d6d8eabc5cc60f8b2e540f25f1edd2a9f6cd3/lon/network_SUT.py#L69
api,https://github.com/EvolvingLMMs-Lab/lmms-eval,https://github.com/EvolvingLMMs-Lab/lmms-eval/blob/c4a31289c56a673aba99d2015a1db1decf5308e7/lmms_eval/tasks/mmvet/utils.py#L103
api,https://github.com/EvolvingLMMs-Lab/lmms-eval,https://github.com/EvolvingLMMs-Lab/lmms-eval/blob/c4a31289c56a673aba99d2015a1db1decf5308e7/lmms_eval/tasks/nocaps/utils.py#L130
api,https://github.com/EleutherAI/lm-evaluation-harness,https://github.com/EleutherAI/lm-evaluation-harness/blob/9f152e0b89e777a17a21e9207da2ae4c1ea8beec/lm_eval/tasks/bbq/utils.py#L242
cli,https://github.com/pykeen/pykeen,https://github.com/pykeen/pykeen/blob/42bfa99a17ee489d0d54dc6332d5cc71fc0ded08/src/pykeen/datasets/pharmebinet.py#L72
cli,https://github.com/pytorch/benchmark,https://github.com/pytorch/benchmark/blob/68cf9dffe5df4eedac42512dc92598fffff335ae/userbenchmark/optim/run.py#L826
api,https://github.com/Vchitect/VBench,https://github.com/Vchitect/VBench/blob/d2c30cab5497472af4798bc86f6eb47659381cb4/vbench/third_party/grit_src/centernet2/centernet/modeling/backbone/bifpn_fcos.py#L423
api,https://github.com/EleutherAI/lm-evaluation-harness,https://github.com/EleutherAI/lm-evaluation-harness/blob/9f152e0b89e777a17a21e9207da2ae4c1ea8beec/lm_eval/tasks/spanish_bench/utils.py#L48
api,https://github.com/pytorch/benchmark,https://github.com/pytorch/benchmark/blob/68cf9dffe5df4eedac42512dc92598fffff335ae/torchbenchmark/models/demucs/demucs/compressed.py#L48
api,https://github.com/openai/evals,https://github.com/openai/evals/blob/cdb8ce9547e68b8e5e4520b6a162294c06865c0f/evals/elsuite/ballots/utils.py#L122
api,https://github.com/pytorch/benchmark,https://github.com/pytorch/benchmark/blob/68cf9dffe5df4eedac42512dc92598fffff335ae/userbenchmark/dynamo/dynamobench/timm_models.py#L137
api,https://github.com/mir-evaluation/mir_eval,https://github.com/mir-evaluation/mir_eval/blob/8db0b3812e2032544c1fc00d02d4256cab043f3d/mir_eval/sonify.py#L15
api,https://github.com/mlcommons/inference,https://github.com/mlcommons/inference/blob/cc7d6d8eabc5cc60f8b2e540f25f1edd2a9f6cd3/automotive/3d-object-detection/model/painter.py#L122
cli,https://github.com/tensorflow/model-analysis,https://github.com/tensorflow/model-analysis/blob/b703eae15ebb46ca40923e2daa955750e3893a20/tensorflow_model_analysis/evaluators/metrics_plots_and_validations_evaluator_test.py#L929
api,https://github.com/EleutherAI/lm-evaluation-harness,https://github.com/EleutherAI/lm-evaluation-harness/blob/9f152e0b89e777a17a21e9207da2ae4c1ea8beec/lm_eval/tasks/noreval/nrk_quiz_qa/nno/utils.py#L1
api,https://github.com/EvolvingLMMs-Lab/lmms-eval,https://github.com/EvolvingLMMs-Lab/lmms-eval/blob/c4a31289c56a673aba99d2015a1db1decf5308e7/lmms_eval/tasks/fleurs/utils.py#L142
api,https://github.com/open-compass/VLMEvalKit,https://github.com/open-compass/VLMEvalKit/blob/50c954aad1d92dab9bf5d23f62576c994b4a675f/vlmeval/dataset/utils/tamperbench.py#L218
api,https://github.com/comet-ml/opik,https://github.com/comet-ml/opik/blob/72628f77bade9dfb508cc22ce71362bb0e6ed132/sdks/opik_optimizer/benchmarks/benchmark_monitor.py#L88
api,https://github.com/HumanCompatibleAI/overcooked_ai,https://github.com/HumanCompatibleAI/overcooked_ai/blob/739950a079cdaed5a44fcc662efc40244c205d06/src/human_aware_rl/rllib/rllib.py#L489
api,https://github.com/stanford-crfm/helm,https://github.com/stanford-crfm/helm/blob/68b6aa9a01598aa0d371507c4c7299260eb9c4e6/src/helm/benchmark/run_specs/classic_run_specs.py#L512
api,https://github.com/EleutherAI/lm-evaluation-harness,https://github.com/EleutherAI/lm-evaluation-harness/blob/9f152e0b89e777a17a21e9207da2ae4c1ea8beec/lm_eval/tasks/basque_bench/utils.py#L11
cli,https://github.com/Vchitect/VBench,https://github.com/Vchitect/VBench/blob/d2c30cab5497472af4798bc86f6eb47659381cb4/VBench-2.0/vbench2/third_party/YOLO-World/mmyolo/tools/model_converters/yolov8_to_mmyolo.py#L101
api,https://github.com/stanford-crfm/helm,https://github.com/stanford-crfm/helm/blob/68b6aa9a01598aa0d371507c4c7299260eb9c4e6/src/helm/benchmark/run_specs/speech_disorder_audio_run_specs.py#L113
api,https://github.com/EleutherAI/lm-evaluation-harness,https://github.com/EleutherAI/lm-evaluation-harness/blob/9f152e0b89e777a17a21e9207da2ae4c1ea8beec/lm_eval/tasks/aradice/boolq/EGY/metrics.py#L4
api,https://github.com/EvolvingLMMs-Lab/lmms-eval,https://github.com/EvolvingLMMs-Lab/lmms-eval/blob/c4a31289c56a673aba99d2015a1db1decf5308e7/lmms_eval/models/fuyu.py#L268
api,https://github.com/mlcommons/inference,https://github.com/mlcommons/inference/blob/cc7d6d8eabc5cc60f8b2e540f25f1edd2a9f6cd3/graph/R-GAT/dgl_utilities/feature_fetching.py#L369
api,https://github.com/EvolvingLMMs-Lab/lmms-eval,https://github.com/EvolvingLMMs-Lab/lmms-eval/blob/c4a31289c56a673aba99d2015a1db1decf5308e7/lmms_eval/tasks/cinepile/utils.py#L61
api,https://github.com/EvolvingLMMs-Lab/lmms-eval,https://github.com/EvolvingLMMs-Lab/lmms-eval/blob/c4a31289c56a673aba99d2015a1db1decf5308e7/lmms_eval/tasks/mmbench/cc_utils.py#L42
cli,https://github.com/tensorflow/model-analysis,https://github.com/tensorflow/model-analysis/blob/b703eae15ebb46ca40923e2daa955750e3893a20/tensorflow_model_analysis/metrics/squared_pearson_correlation_test.py#L196
cli,https://github.com/pykeen/pykeen,https://github.com/pykeen/pykeen/blob/42bfa99a17ee489d0d54dc6332d5cc71fc0ded08/src/pykeen/version.py#L127
api,https://github.com/pykeen/pykeen,https://github.com/pykeen/pykeen/blob/42bfa99a17ee489d0d54dc6332d5cc71fc0ded08/src/pykeen/triples/triples_factory.py#L1462
api,https://github.com/Vchitect/VBench,https://github.com/Vchitect/VBench/blob/d2c30cab5497472af4798bc86f6eb47659381cb4/VBench-2.0/vbench2/third_party/LLaVA_NeXT/trl/trainer/utils.py#L680
api,https://github.com/plurai-ai/intellagent,https://github.com/plurai-ai/intellagent/blob/2680da4545b87717a8dbc869738238022ca84ee4/simulator/simulator_executor.py#L63
api,https://github.com/OpenLMLab/GAOKAO-Bench,https://github.com/OpenLMLab/GAOKAO-Bench/blob/6dbb24f8d8439041e5431c4c184a582182a6ce9c/Bench/bench_function.py#L16
api,https://github.com/comet-ml/opik,https://github.com/comet-ml/opik/blob/72628f77bade9dfb508cc22ce71362bb0e6ed132/sdks/python/src/opik/validation/validator_helpers.py#L29
api,https://github.com/EvolvingLMMs-Lab/lmms-eval,https://github.com/EvolvingLMMs-Lab/lmms-eval/blob/c4a31289c56a673aba99d2015a1db1decf5308e7/lmms_eval/tasks/vsibench/utils.py#L57
api,https://github.com/EvolvingLMMs-Lab/lmms-eval,https://github.com/EvolvingLMMs-Lab/lmms-eval/blob/c4a31289c56a673aba99d2015a1db1decf5308e7/lmms_eval/tasks/mmupd/utils.py#L114
api,https://github.com/EvolvingLMMs-Lab/lmms-eval,https://github.com/EvolvingLMMs-Lab/lmms-eval/blob/c4a31289c56a673aba99d2015a1db1decf5308e7/lmms_eval/tasks/activitynetqa/utils.py#L63
api,https://github.com/pytorch/benchmark,https://github.com/pytorch/benchmark/blob/68cf9dffe5df4eedac42512dc92598fffff335ae/userbenchmark/ddp_experiments/run.py#L587
api,https://github.com/huggingface/evaluate,https://github.com/huggingface/evaluate/blob/5aa3982a9a8c86e506860e381d428a64b0cce73b/src/evaluate/utils/logging.py#L85
cli,https://github.com/Vchitect/VBench,https://github.com/Vchitect/VBench/blob/d2c30cab5497472af4798bc86f6eb47659381cb4/VBench-2.0/vbench2/third_party/ViTDetector/third_party/YOLO-World/mmyolo/demo/deploy_demo.py#L119
api,https://github.com/explodinggradients/ragas,https://github.com/explodinggradients/ragas/blob/5d59549ad5ef511f621502c563bc55ac5aeb9188/experimental/ragas_experimental/backends/ragas_api_client.py#L244
cli,https://github.com/google-deepmind/meltingpot,https://github.com/google-deepmind/meltingpot/blob/f280a35a4ffe5a7613b5c4a062a66fd18c64876c/meltingpot/utils/puppeteers/fixed_goal_test.py#L34
api,https://github.com/huggingface/lighteval,https://github.com/huggingface/lighteval/blob/9771f3a02ba28a57f8777902d0c36ea7dd445026/src/lighteval/tasks/default_prompts.py#L1016
cli,https://github.com/Vchitect/VBench,https://github.com/Vchitect/VBench/blob/d2c30cab5497472af4798bc86f6eb47659381cb4/VBench-2.0/vbench2/third_party/YOLO-World/tools/generate_image_prompts.py#L11
api,https://github.com/UKGovernmentBEIS/inspect_ai,https://github.com/UKGovernmentBEIS/inspect_ai/blob/70fb9f6885db89779cd637619bbba614e7b0271a/src/inspect_ai/util/_sandbox/registry.py#L54
api,https://github.com/Vchitect/VBench,https://github.com/Vchitect/VBench/blob/d2c30cab5497472af4798bc86f6eb47659381cb4/VBench-2.0/vbench2/third_party/LLaVA_NeXT/llava/model/language_model/modeling_llama.py#L1252
api,https://github.com/EleutherAI/lm-evaluation-harness,https://github.com/EleutherAI/lm-evaluation-harness/blob/9f152e0b89e777a17a21e9207da2ae4c1ea8beec/lm_eval/tasks/basqueglue/utils.py#L62
api,https://github.com/microsoft/promptbench,https://github.com/microsoft/promptbench/blob/fcda538bd779ad11612818e0645a387a462b5c3b/promptbench/prompts/prompt.py#L38
api,https://github.com/evidentlyai/evidently,https://github.com/evidentlyai/evidently/blob/609cc2afbfa28c6b37be725b9f1f61bd18136990/src/evidently/ui/service/base.py#L259
api,https://github.com/HumanCompatibleAI/overcooked_ai,https://github.com/HumanCompatibleAI/overcooked_ai/blob/739950a079cdaed5a44fcc662efc40244c205d06/src/overcooked_ai_py/agents/benchmarking.py#L535
api,https://github.com/evidentlyai/evidently,https://github.com/evidentlyai/evidently/blob/609cc2afbfa28c6b37be725b9f1f61bd18136990/src/evidently/ui/service/storage/common.py#L121
cli,https://github.com/google-deepmind/meltingpot,https://github.com/google-deepmind/meltingpot/blob/f280a35a4ffe5a7613b5c4a062a66fd18c64876c/meltingpot/utils/evaluation/video_subject_test.py#L92
api,https://github.com/truera/trulens,https://github.com/truera/trulens/blob/57df4120d19dd1a0b59efc6cccb0de205ac403e0/src/providers/openai/trulens/providers/openai/provider.py#L315
api,https://github.com/EleutherAI/lm-evaluation-harness,https://github.com/EleutherAI/lm-evaluation-harness/blob/9f152e0b89e777a17a21e9207da2ae4c1ea8beec/lm_eval/tasks/basque_bench/utils.py#L21
api,https://github.com/Vchitect/VBench,https://github.com/Vchitect/VBench/blob/d2c30cab5497472af4798bc86f6eb47659381cb4/vbench2_beta_long/color.py#L6
api,https://github.com/Vchitect/VBench,https://github.com/Vchitect/VBench/blob/d2c30cab5497472af4798bc86f6eb47659381cb4/VBench-2.0/vbench2/third_party/ViTDetector/third_party/YOLO-World/mmyolo/mmyolo/models/layers/ema.py#L77
api,https://github.com/Cloud-CV/evalai-cli,https://github.com/Cloud-CV/evalai-cli/blob/6426f26a9add307841665215e795d4dca86ee362/evalai/challenges.py#L183
api,https://github.com/EvolvingLMMs-Lab/lmms-eval,https://github.com/EvolvingLMMs-Lab/lmms-eval/blob/c4a31289c56a673aba99d2015a1db1decf5308e7/lmms_eval/tasks/activitynetqa/utils.py#L89
cli,https://github.com/simpler-env/SimplerEnv,https://github.com/simpler-env/SimplerEnv/blob/4ab7178e83e84ee06894034ec6dbf9e7aad1e882/tools/robot_object_visualization/test_widowx.py#L81
api,https://github.com/Vchitect/VBench,https://github.com/Vchitect/VBench/blob/d2c30cab5497472af4798bc86f6eb47659381cb4/vbench2_beta_long/background_consistency.py#L18
cli,https://github.com/evalplus/evalplus,https://github.com/evalplus/evalplus/blob/d362e933265c3e7e3df8101c930a89c3c470cd9f/tools/humaneval/fix_v012.py#L68
cli,https://github.com/Unbabel/COMET,https://github.com/Unbabel/COMET/blob/49c348dd0ff569c4d7c3f2b7c720fd5696f8de59/comet/cli/mbr.py#L301
api,https://github.com/EleutherAI/lm-evaluation-harness,https://github.com/EleutherAI/lm-evaluation-harness/blob/9f152e0b89e777a17a21e9207da2ae4c1ea8beec/lm_eval/api/registry.py#L49
cli,https://github.com/EvolvingLMMs-Lab/lmms-eval,https://github.com/EvolvingLMMs-Lab/lmms-eval/blob/c4a31289c56a673aba99d2015a1db1decf5308e7/tools/live_bench/create_dataset.py#L4
api,https://github.com/tensorflow/model-analysis,https://github.com/tensorflow/model-analysis/blob/b703eae15ebb46ca40923e2daa955750e3893a20/tensorflow_model_analysis/utils/util.py#L421
api,https://github.com/EvolvingLMMs-Lab/lmms-eval,https://github.com/EvolvingLMMs-Lab/lmms-eval/blob/c4a31289c56a673aba99d2015a1db1decf5308e7/lmms_eval/utils.py#L698
api,https://github.com/openai/evals,https://github.com/openai/evals/blob/cdb8ce9547e68b8e5e4520b6a162294c06865c0f/evals/elsuite/incontext_rl/scripts/plot_experiments.py#L262
api,https://github.com/mir-evaluation/mir_eval,https://github.com/mir-evaluation/mir_eval/blob/8db0b3812e2032544c1fc00d02d4256cab043f3d/mir_eval/transcription_velocity.py#L359
api,https://github.com/comet-ml/opik,https://github.com/comet-ml/opik/blob/72628f77bade9dfb508cc22ce71362bb0e6ed132/sdks/opik_optimizer/src/opik_optimizer/optimization_config/mappers.py#L39
cli,https://github.com/tensorflow/model-analysis,https://github.com/tensorflow/model-analysis/blob/b703eae15ebb46ca40923e2daa955750e3893a20/tensorflow_model_analysis/extractors/unbatch_extractor_test.py#L555
api,https://github.com/open-compass/VLMEvalKit,https://github.com/open-compass/VLMEvalKit/blob/50c954aad1d92dab9bf5d23f62576c994b4a675f/vlmeval/dataset/Omnidocbench/utils.py#L241
api,https://github.com/confident-ai/deepeval,https://github.com/confident-ai/deepeval/blob/f296dc03b76b5fb5cc124d2dbb10367af0a5777d/deepeval/dataset/dataset.py#L188
api,https://github.com/stanford-crfm/helm,https://github.com/stanford-crfm/helm/blob/68b6aa9a01598aa0d371507c4c7299260eb9c4e6/src/helm/clients/image_generation/cogview2/sr_pipeline/dsr_model.py#L151
cli,https://github.com/bigcode-project/bigcode-evaluation-harness,https://github.com/bigcode-project/bigcode-evaluation-harness/blob/6116c6a9a5672c69bd624373cfbc8938b7acc249/bigcode_eval/tasks/custom_metrics/multiple_metrics/eval_cs.py#L75
api,https://github.com/EleutherAI/lm-evaluation-harness,https://github.com/EleutherAI/lm-evaluation-harness/blob/9f152e0b89e777a17a21e9207da2ae4c1ea8beec/lm_eval/tasks/noreval/nortruthfulqa/multiple_choice/nob/utils.py#L30
api,https://github.com/EvolvingLMMs-Lab/lmms-eval,https://github.com/EvolvingLMMs-Lab/lmms-eval/blob/c4a31289c56a673aba99d2015a1db1decf5308e7/lmms_eval/tasks/tempcompass/utils.py#L80
cli,https://github.com/EvolvingLMMs-Lab/lmms-eval,https://github.com/EvolvingLMMs-Lab/lmms-eval/blob/c4a31289c56a673aba99d2015a1db1decf5308e7/setup.py#L5
api,https://github.com/EvolvingLMMs-Lab/lmms-eval,https://github.com/EvolvingLMMs-Lab/lmms-eval/blob/c4a31289c56a673aba99d2015a1db1decf5308e7/lmms_eval/tasks/mmworld/utils.py#L85
api,https://github.com/comet-ml/opik,https://github.com/comet-ml/opik/blob/72628f77bade9dfb508cc22ce71362bb0e6ed132/sdks/python/src/opik/integrations/dspy/callback.py#L154
api,https://github.com/EvolvingLMMs-Lab/lmms-eval,https://github.com/EvolvingLMMs-Lab/lmms-eval/blob/c4a31289c56a673aba99d2015a1db1decf5308e7/lmms_eval/tasks/mathvision/utils.py#L196
cli,https://github.com/Vchitect/VBench,https://github.com/Vchitect/VBench/blob/d2c30cab5497472af4798bc86f6eb47659381cb4/VBench-2.0/vbench2/third_party/ViTDetector/third_party/YOLO-World/mmyolo/tools/model_converters/yolov7_to_mmyolo.py#L1092
api,https://github.com/open-compass/OpenCompass,https://github.com/open-compass/OpenCompass/blob/8379c4bca0e19aab4059a0eb7a739fa58f3b2759/opencompass/datasets/supergpqa/supergpqa_utils.py#L386
api,https://github.com/stanford-crfm/helm,https://github.com/stanford-crfm/helm/blob/68b6aa9a01598aa0d371507c4c7299260eb9c4e6/src/helm/benchmark/run_specs/safety_run_specs.py#L82
api,https://github.com/modelscope/evalscope,https://github.com/modelscope/evalscope/blob/2a49bccc14f69b9a3464f16d4672823a0a7bcb98/evalscope/metrics/t2v_metrics/models/vqascore_models/lavis/models/base_model.py#L99
api,https://github.com/stanford-crfm/helm,https://github.com/stanford-crfm/helm/blob/68b6aa9a01598aa0d371507c4c7299260eb9c4e6/src/helm/benchmark/run_specs/vlm_run_specs.py#L419
api,https://github.com/EleutherAI/lm-evaluation-harness,https://github.com/EleutherAI/lm-evaluation-harness/blob/9f152e0b89e777a17a21e9207da2ae4c1ea8beec/lm_eval/tasks/galician_bench/utils.py#L28
api,https://github.com/EvolvingLMMs-Lab/lmms-eval,https://github.com/EvolvingLMMs-Lab/lmms-eval/blob/c4a31289c56a673aba99d2015a1db1decf5308e7/lmms_eval/tasks/livexiv_vqa/utils.py#L25
api,https://github.com/stanford-crfm/helm,https://github.com/stanford-crfm/helm/blob/68b6aa9a01598aa0d371507c4c7299260eb9c4e6/src/helm/benchmark/run_specs/medhelm_run_specs.py#L398
api,https://github.com/Marker-Inc-Korea/AutoRAG,https://github.com/Marker-Inc-Korea/AutoRAG/blob/8c72159df28006e0d6c548bbf0c133dde2650fd8/autorag/autorag/data/parse/table_hybrid_parse.py#L14
cli,https://github.com/modelscope/evalscope,https://github.com/modelscope/evalscope/blob/2a49bccc14f69b9a3464f16d4672823a0a7bcb98/evalscope/backend/opencompass/api_meta_template.py#L54
api,https://github.com/EvolvingLMMs-Lab/lmms-eval,https://github.com/EvolvingLMMs-Lab/lmms-eval/blob/c4a31289c56a673aba99d2015a1db1decf5308e7/lmms_eval/tasks/av_odyssey/utils.py#L197
cli,https://github.com/snap-stanford/ogb,https://github.com/snap-stanford/ogb/blob/61e9784ca76edeaa6e259ba0f836099608ff0586/ogb/nodeproppred/evaluate.py#L144
api,https://github.com/evidentlyai/evidently,https://github.com/evidentlyai/evidently/blob/609cc2afbfa28c6b37be725b9f1f61bd18136990/src/evidently/ui/service/workspace/view.py#L125
api,https://github.com/open-compass/VLMEvalKit,https://github.com/open-compass/VLMEvalKit/blob/50c954aad1d92dab9bf5d23f62576c994b4a675f/vlmeval/vlm/ola/ola/datasets/preprocess.py#L41
api,https://github.com/Giskard-AI/giskard,https://github.com/Giskard-AI/giskard/blob/6808a562cc1c565e6cf88aeb1fd1f77d28fe76ba/giskard/functions/slicing.py#L26
api,https://github.com/pytorch/benchmark,https://github.com/pytorch/benchmark/blob/68cf9dffe5df4eedac42512dc92598fffff335ae/torchbenchmark/e2e_models/vision_resnet50/resnet.py#L115
api,https://github.com/open-compass/VLMEvalKit,https://github.com/open-compass/VLMEvalKit/blob/50c954aad1d92dab9bf5d23f62576c994b4a675f/vlmeval/dataset/utils/mmif/function_and_compare.py#L198
api,https://github.com/Vchitect/VBench,https://github.com/Vchitect/VBench/blob/d2c30cab5497472af4798bc86f6eb47659381cb4/vbench/third_party/ViCLIP/viclip_vision.py#L242
api,https://github.com/Vchitect/VBench,https://github.com/Vchitect/VBench/blob/d2c30cab5497472af4798bc86f6eb47659381cb4/VBench-2.0/vbench2/human_identity.py#L141
cli,https://github.com/stepjam/RLBench,https://github.com/stepjam/RLBench/blob/02720bba4c73fe02eb75df946b8791b806028a9d/tools/task_validator.py#L116
cli,https://github.com/simpler-env/SimplerEnv,https://github.com/simpler-env/SimplerEnv/blob/4ab7178e83e84ee06894034ec6dbf9e7aad1e882/tools/sysid/sysid.py#L180
api,https://github.com/EvolvingLMMs-Lab/lmms-eval,https://github.com/EvolvingLMMs-Lab/lmms-eval/blob/c4a31289c56a673aba99d2015a1db1decf5308e7/lmms_eval/tasks/internal_eval/dc200_cn_utils.py#L125
api,https://github.com/HumanCompatibleAI/overcooked_ai,https://github.com/HumanCompatibleAI/overcooked_ai/blob/739950a079cdaed5a44fcc662efc40244c205d06/src/human_aware_rl/utils.py#L22
api,https://github.com/EleutherAI/lm-evaluation-harness,https://github.com/EleutherAI/lm-evaluation-harness/blob/9f152e0b89e777a17a21e9207da2ae4c1ea8beec/lm_eval/tasks/noreval/nrk_quiz_qa/nob/utils.py#L6
api,https://github.com/pytorch/benchmark,https://github.com/pytorch/benchmark/blob/68cf9dffe5df4eedac42512dc92598fffff335ae/torchbenchmark/models/soft_actor_critic/replay.py#L324
api,https://github.com/open-compass/OpenCompass,https://github.com/open-compass/OpenCompass/blob/8379c4bca0e19aab4059a0eb7a739fa58f3b2759/opencompass/datasets/agieval/dataset_loader.py#L330
api,https://github.com/stanford-futuredata/ARES,https://github.com/stanford-futuredata/ARES/blob/c7c9018a755faf8347c4da415632bae1593ef104/ares/ares.py#L170
api,https://github.com/EvolvingLMMs-Lab/lmms-eval,https://github.com/EvolvingLMMs-Lab/lmms-eval/blob/c4a31289c56a673aba99d2015a1db1decf5308e7/lmms_eval/tasks/ifeval/utils.py#L136
api,https://github.com/evidentlyai/evidently,https://github.com/evidentlyai/evidently/blob/609cc2afbfa28c6b37be725b9f1f61bd18136990/src/evidently/ui/service/workspace/base.py#L82
cli,https://github.com/pytorch/benchmark,https://github.com/pytorch/benchmark/blob/68cf9dffe5df4eedac42512dc92598fffff335ae/torchbenchmark/canary_models/orca_2/install.py#L8
cli,https://github.com/openai/evals,https://github.com/openai/evals/blob/cdb8ce9547e68b8e5e4520b6a162294c06865c0f/evals/elsuite/multistep_web_tasks/docker/homepage/app.py#L26
api,https://github.com/stepjam/RLBench,https://github.com/stepjam/RLBench/blob/02720bba4c73fe02eb75df946b8791b806028a9d/rlbench/task_environment.py#L60
cli,https://github.com/tensorflow/model-analysis,https://github.com/tensorflow/model-analysis/blob/b703eae15ebb46ca40923e2daa955750e3893a20/tensorflow_model_analysis/metrics/min_label_position_test.py#L214
api,https://github.com/EvolvingLMMs-Lab/lmms-eval,https://github.com/EvolvingLMMs-Lab/lmms-eval/blob/c4a31289c56a673aba99d2015a1db1decf5308e7/lmms_eval/tasks/egoschema/utils.py#L219
api,https://github.com/EleutherAI/lm-evaluation-harness,https://github.com/EleutherAI/lm-evaluation-harness/blob/9f152e0b89e777a17a21e9207da2ae4c1ea8beec/lm_eval/tasks/acpbench/gen_2shot/acp_utils.py#L64
cli,https://github.com/pytorch/benchmark,https://github.com/pytorch/benchmark/blob/68cf9dffe5df4eedac42512dc92598fffff335ae/torchbenchmark/models/tacotron2/waveglow/tacotron2/train.py#L323
api,https://github.com/Cloud-CV/EvalAI,https://github.com/Cloud-CV/EvalAI/blob/8d1444f233a84f57b4a6b3db2bc7503da4cc7194/apps/challenges/permissions.py#L14
api,https://github.com/EvolvingLMMs-Lab/lmms-eval,https://github.com/EvolvingLMMs-Lab/lmms-eval/blob/c4a31289c56a673aba99d2015a1db1decf5308e7/lmms_eval/tasks/mmsearch/lmms_eval_utils.py#L170
api,https://github.com/EvolvingLMMs-Lab/lmms-eval,https://github.com/EvolvingLMMs-Lab/lmms-eval/blob/c4a31289c56a673aba99d2015a1db1decf5308e7/lmms_eval/tasks/qbench/utils.py#L228
api,https://github.com/snap-stanford/ogb,https://github.com/snap-stanford/ogb/blob/61e9784ca76edeaa6e259ba0f836099608ff0586/ogb/nodeproppred/dataset_pyg.py#L136
api,https://github.com/tensorflow/model-analysis,https://github.com/tensorflow/model-analysis/blob/b703eae15ebb46ca40923e2daa955750e3893a20/tensorflow_model_analysis/eval_metrics_graph/eval_metrics_graph.py#L440
api,https://github.com/HumanCompatibleAI/overcooked_ai,https://github.com/HumanCompatibleAI/overcooked_ai/blob/739950a079cdaed5a44fcc662efc40244c205d06/src/overcooked_demo/server/app.py#L504
api,https://github.com/Vchitect/VBench,https://github.com/Vchitect/VBench/blob/d2c30cab5497472af4798bc86f6eb47659381cb4/VBench-2.0/vbench2/third_party/LLaVA_NeXT/llava/train/train.py#L663
api,https://github.com/EvolvingLMMs-Lab/lmms-eval,https://github.com/EvolvingLMMs-Lab/lmms-eval/blob/c4a31289c56a673aba99d2015a1db1decf5308e7/lmms_eval/tasks/fleurs/utils.py#L148
api,https://github.com/EvolvingLMMs-Lab/lmms-eval,https://github.com/EvolvingLMMs-Lab/lmms-eval/blob/c4a31289c56a673aba99d2015a1db1decf5308e7/lmms_eval/tasks/synthdog/utils.py#L16
api,https://github.com/EvolvingLMMs-Lab/lmms-eval,https://github.com/EvolvingLMMs-Lab/lmms-eval/blob/c4a31289c56a673aba99d2015a1db1decf5308e7/lmms_eval/tasks/ocrbench/utils.py#L22
api,https://github.com/EvolvingLMMs-Lab/lmms-eval,https://github.com/EvolvingLMMs-Lab/lmms-eval/blob/c4a31289c56a673aba99d2015a1db1decf5308e7/lmms_eval/tasks/vocalsound/utils.py#L36
api,https://github.com/UKGovernmentBEIS/inspect_ai,https://github.com/UKGovernmentBEIS/inspect_ai/blob/70fb9f6885db89779cd637619bbba614e7b0271a/src/inspect_ai/_util/future.py#L32
api,https://github.com/explodinggradients/ragas,https://github.com/explodinggradients/ragas/blob/5d59549ad5ef511f621502c563bc55ac5aeb9188/ragas/src/ragas/dataset_schema.py#L258
api,https://github.com/EvolvingLMMs-Lab/lmms-eval,https://github.com/EvolvingLMMs-Lab/lmms-eval/blob/c4a31289c56a673aba99d2015a1db1decf5308e7/lmms_eval/models/phi4_multimodal.py#L349
api,https://github.com/stanford-crfm/helm,https://github.com/stanford-crfm/helm/blob/68b6aa9a01598aa0d371507c4c7299260eb9c4e6/src/helm/benchmark/run_specs/lite_run_specs.py#L72
cli,https://github.com/Vchitect/VBench,https://github.com/Vchitect/VBench/blob/d2c30cab5497472af4798bc86f6eb47659381cb4/VBench-2.0/vbench2/third_party/YOLO-World/mmyolo/demo/video_demo.py#L95
api,https://github.com/EvolvingLMMs-Lab/lmms-eval,https://github.com/EvolvingLMMs-Lab/lmms-eval/blob/c4a31289c56a673aba99d2015a1db1decf5308e7/lmms_eval/tasks/mix_evals/video2text/utils.py#L238
api,https://github.com/UKGovernmentBEIS/inspect_ai,https://github.com/UKGovernmentBEIS/inspect_ai/blob/70fb9f6885db89779cd637619bbba614e7b0271a/src/inspect_ai/model/_providers/providers.py#L178
api,https://github.com/Cloud-CV/EvalAI,https://github.com/Cloud-CV/EvalAI/blob/8d1444f233a84f57b4a6b3db2bc7503da4cc7194/apps/participants/serializers.py#L182
api,https://github.com/EvolvingLMMs-Lab/lmms-eval,https://github.com/EvolvingLMMs-Lab/lmms-eval/blob/c4a31289c56a673aba99d2015a1db1decf5308e7/lmms_eval/models/claude.py#L271
api,https://github.com/EvolvingLMMs-Lab/lmms-eval,https://github.com/EvolvingLMMs-Lab/lmms-eval/blob/c4a31289c56a673aba99d2015a1db1decf5308e7/lmms_eval/tasks/multilingual-llava-bench-in-the-wild/utils.py#L116
api,https://github.com/pytorch/benchmark,https://github.com/pytorch/benchmark/blob/68cf9dffe5df4eedac42512dc92598fffff335ae/torchbenchmark/util/framework/timm/extended_configs.py#L28
api,https://github.com/EvolvingLMMs-Lab/lmms-eval,https://github.com/EvolvingLMMs-Lab/lmms-eval/blob/c4a31289c56a673aba99d2015a1db1decf5308e7/lmms_eval/tasks/olympiadbench/en_utils.py#L18
api,https://github.com/pytorch/benchmark,https://github.com/pytorch/benchmark/blob/68cf9dffe5df4eedac42512dc92598fffff335ae/torchbenchmark/models/yolov3/yolo_utils/utils.py#L1062
api,https://github.com/Marker-Inc-Korea/AutoRAG,https://github.com/Marker-Inc-Korea/AutoRAG/blob/8c72159df28006e0d6c548bbf0c133dde2650fd8/autorag/autorag/data/qa/query/llama_gen_query.py#L74
api,https://github.com/EvolvingLMMs-Lab/lmms-eval,https://github.com/EvolvingLMMs-Lab/lmms-eval/blob/c4a31289c56a673aba99d2015a1db1decf5308e7/lmms_eval/tasks/charades_sta/utils.py#L46
api,https://github.com/Farama-Foundation/Metaworld,https://github.com/Farama-Foundation/Metaworld/blob/cdafedfaaa896472fb7e76e2fe103e120b67a9b6/metaworld/policies/sawyer_plate_slide_back_v3_policy.py#L23
api,https://github.com/UKGovernmentBEIS/inspect_ai,https://github.com/UKGovernmentBEIS/inspect_ai/blob/70fb9f6885db89779cd637619bbba614e7b0271a/src/inspect_ai/_cli/trace.py#L102
api,https://github.com/EvolvingLMMs-Lab/lmms-eval,https://github.com/EvolvingLMMs-Lab/lmms-eval/blob/c4a31289c56a673aba99d2015a1db1decf5308e7/lmms_eval/tasks/wild_vision_bench/utils.py#L148
cli,https://github.com/truera/trulens,https://github.com/truera/trulens/blob/57df4120d19dd1a0b59efc6cccb0de205ac403e0/.grit/dealias_trulens_eval.py#L118
api,https://github.com/openai/evals,https://github.com/openai/evals/blob/cdb8ce9547e68b8e5e4520b6a162294c06865c0f/evals/elsuite/cant_do_that_anymore/chess/notation.py#L16
api,https://github.com/EvolvingLMMs-Lab/lmms-eval,https://github.com/EvolvingLMMs-Lab/lmms-eval/blob/c4a31289c56a673aba99d2015a1db1decf5308e7/lmms_eval/tasks/mathverse/utils.py#L25
api,https://github.com/EleutherAI/lm-evaluation-harness,https://github.com/EleutherAI/lm-evaluation-harness/blob/9f152e0b89e777a17a21e9207da2ae4c1ea8beec/lm_eval/tasks/galician_bench/utils.py#L102
cli,https://github.com/Unbabel/COMET,https://github.com/Unbabel/COMET/blob/49c348dd0ff569c4d7c3f2b7c720fd5696f8de59/comet/cli/score.py#L285
api,https://github.com/EvolvingLMMs-Lab/lmms-eval,https://github.com/EvolvingLMMs-Lab/lmms-eval/blob/c4a31289c56a673aba99d2015a1db1decf5308e7/lmms_eval/tasks/nocaps/utils.py#L98
cli,https://github.com/pytorch/benchmark,https://github.com/pytorch/benchmark/blob/68cf9dffe5df4eedac42512dc92598fffff335ae/torchbenchmark/canary_models/llama_v2_13b/install.py#L5
api,https://github.com/stanford-crfm/helm,https://github.com/stanford-crfm/helm/blob/68b6aa9a01598aa0d371507c4c7299260eb9c4e6/src/helm/benchmark/run_specs/lite_run_specs.py#L51
cli,https://github.com/allenai/reward-bench,https://github.com/allenai/reward-bench/blob/09eb3b5dd9d2157adc854c693a6a38105a8b3c87/analysis/get_dpo_ref_free_results.py#L243
cli,https://github.com/stanford-crfm/helm,https://github.com/stanford-crfm/helm/blob/68b6aa9a01598aa0d371507c4c7299260eb9c4e6/scripts/verify_reproducibility.py#L115
api,https://github.com/Giskard-AI/giskard,https://github.com/Giskard-AI/giskard/blob/6808a562cc1c565e6cf88aeb1fd1f77d28fe76ba/giskard/integrations/mlflow/giskard_evaluator.py#L22
api,https://github.com/EleutherAI/lm-evaluation-harness,https://github.com/EleutherAI/lm-evaluation-harness/blob/9f152e0b89e777a17a21e9207da2ae4c1ea8beec/lm_eval/api/metrics.py#L155
api,https://github.com/truera/trulens,https://github.com/truera/trulens/blob/57df4120d19dd1a0b59efc6cccb0de205ac403e0/src/benchmark/trulens/benchmark/benchmark_frameworks/experiments/dataset_preprocessing.py#L515
api,https://github.com/stepjam/RLBench,https://github.com/stepjam/RLBench/blob/02720bba4c73fe02eb75df946b8791b806028a9d/rlbench/tasks/push_buttons.py#L42
api,https://github.com/UKGovernmentBEIS/inspect_ai,https://github.com/UKGovernmentBEIS/inspect_ai/blob/70fb9f6885db89779cd637619bbba614e7b0271a/src/inspect_tool_support/src/inspect_tool_support/_remote_tools/_web_browser/json_rpc_methods.py#L45
cli,https://github.com/evalplus/evalplus,https://github.com/evalplus/evalplus/blob/d362e933265c3e7e3df8101c930a89c3c470cd9f/evalplus/evaluate.py#L374
api,https://github.com/EvolvingLMMs-Lab/lmms-eval,https://github.com/EvolvingLMMs-Lab/lmms-eval/blob/c4a31289c56a673aba99d2015a1db1decf5308e7/lmms_eval/models/model_utils/qwen/qwen_generate_utils.py#L27
api,https://github.com/EvolvingLMMs-Lab/lmms-eval,https://github.com/EvolvingLMMs-Lab/lmms-eval/blob/c4a31289c56a673aba99d2015a1db1decf5308e7/lmms_eval/tasks/mathverse/utils.py#L31
api,https://github.com/EvolvingLMMs-Lab/lmms-eval,https://github.com/EvolvingLMMs-Lab/lmms-eval/blob/c4a31289c56a673aba99d2015a1db1decf5308e7/lmms_eval/tasks/internal_eval/d170_cn_utils.py#L118
api,https://github.com/OpenLMLab/GAOKAO-Bench,https://github.com/OpenLMLab/GAOKAO-Bench/blob/6dbb24f8d8439041e5431c4c184a582182a6ce9c/Bench/merge_OBJ_SUB_score.py#L110
api,https://github.com/truera/trulens,https://github.com/truera/trulens/blob/57df4120d19dd1a0b59efc6cccb0de205ac403e0/src/dashboard/trulens/dashboard/ux/components.py#L137
api,https://github.com/Vchitect/VBench,https://github.com/Vchitect/VBench/blob/d2c30cab5497472af4798bc86f6eb47659381cb4/vbench2_beta_long/motion_smoothness.py#L5
api,https://github.com/explodinggradients/ragas,https://github.com/explodinggradients/ragas/blob/5d59549ad5ef511f621502c563bc55ac5aeb9188/experimental/ragas_experimental/backends/ragas_api_client.py#L541
api,https://github.com/Vchitect/VBench,https://github.com/Vchitect/VBench/blob/d2c30cab5497472af4798bc86f6eb47659381cb4/vbench/third_party/grit_src/centernet2/centernet/modeling/roi_heads/custom_fast_rcnn.py#L65
api,https://github.com/Vchitect/VBench,https://github.com/Vchitect/VBench/blob/d2c30cab5497472af4798bc86f6eb47659381cb4/vbench/third_party/umt/datasets/video_transforms.py#L454
api,https://github.com/EvolvingLMMs-Lab/lmms-eval,https://github.com/EvolvingLMMs-Lab/lmms-eval/blob/c4a31289c56a673aba99d2015a1db1decf5308e7/lmms_eval/tasks/llava-in-the-wild/utils_ko.py#L111
api,https://github.com/huggingface/lighteval,https://github.com/huggingface/lighteval/blob/9771f3a02ba28a57f8777902d0c36ea7dd445026/src/lighteval/main_endpoint.py#L421
cli,https://github.com/open-compass/OpenCompass,https://github.com/open-compass/OpenCompass/blob/8379c4bca0e19aab4059a0eb7a739fa58f3b2759/tools/update_dataset_suffix.py#L144
api,https://github.com/modelscope/evalscope,https://github.com/modelscope/evalscope/blob/2a49bccc14f69b9a3464f16d4672823a0a7bcb98/evalscope/metrics/rouge_metric.py#L117
api,https://github.com/EvolvingLMMs-Lab/lmms-eval,https://github.com/EvolvingLMMs-Lab/lmms-eval/blob/c4a31289c56a673aba99d2015a1db1decf5308e7/lmms_eval/tasks/ocrbench_v2/spotting_eval/rrc_evaluation_funcs_1_1.py#L354
cli,https://github.com/allenai/reward-bench,https://github.com/allenai/reward-bench/blob/09eb3b5dd9d2157adc854c693a6a38105a8b3c87/analysis/draw_per_token_reward.py#L118
api,https://github.com/modelscope/evalscope,https://github.com/modelscope/evalscope/blob/2a49bccc14f69b9a3464f16d4672823a0a7bcb98/evalscope/metrics/t2v_metrics/models/vqascore_models/lavis/models/blip2_models/modeling_llama.py#L628
api,https://github.com/EvolvingLMMs-Lab/lmms-eval,https://github.com/EvolvingLMMs-Lab/lmms-eval/blob/c4a31289c56a673aba99d2015a1db1decf5308e7/lmms_eval/tasks/refcoco/utils_rec.py#L212
api,https://github.com/truera/trulens,https://github.com/truera/trulens/blob/57df4120d19dd1a0b59efc6cccb0de205ac403e0/src/benchmark/trulens/benchmark/benchmark_frameworks/experiments/dataset_preprocessing.py#L286
cli,https://github.com/pykeen/pykeen,https://github.com/pykeen/pykeen/blob/42bfa99a17ee489d0d54dc6332d5cc71fc0ded08/benchmarking/benchmark_splitting.py#L185
api,https://github.com/EvolvingLMMs-Lab/lmms-eval,https://github.com/EvolvingLMMs-Lab/lmms-eval/blob/c4a31289c56a673aba99d2015a1db1decf5308e7/lmms_eval/tasks/dtcbench/utils.py#L20
api,https://github.com/EleutherAI/lm-evaluation-harness,https://github.com/EleutherAI/lm-evaluation-harness/blob/9f152e0b89e777a17a21e9207da2ae4c1ea8beec/lm_eval/tasks/evalita_llm/utils.py#L30
api,https://github.com/Marker-Inc-Korea/AutoRAG,https://github.com/Marker-Inc-Korea/AutoRAG/blob/8c72159df28006e0d6c548bbf0c133dde2650fd8/autorag/autorag/data/qa/query/openai_gen_query.py#L50
api,https://github.com/pytorch/benchmark,https://github.com/pytorch/benchmark/blob/68cf9dffe5df4eedac42512dc92598fffff335ae/torchbenchmark/models/tts_angular/model.py#L108
api,https://github.com/AmenRa/ranx,https://github.com/AmenRa/ranx/blob/f60b1ac230ab97bd3c6ad2c210f79882293b306d/ranx/data_structures/run.py#L361
cli,https://github.com/Vchitect/VBench,https://github.com/Vchitect/VBench/blob/d2c30cab5497472af4798bc86f6eb47659381cb4/VBench-2.0/vbench2/third_party/YOLO-World/mmyolo/tools/test.py#L157
api,https://github.com/Vchitect/VBench,https://github.com/Vchitect/VBench/blob/d2c30cab5497472af4798bc86f6eb47659381cb4/VBench-2.0/vbench2/third_party/YOLO-World/mmyolo/tools/analysis_tools/vis_scheduler.py#L106
api,https://github.com/HumanCompatibleAI/overcooked_ai,https://github.com/HumanCompatibleAI/overcooked_ai/blob/739950a079cdaed5a44fcc662efc40244c205d06/src/human_aware_rl/utils.py#L112
cli,https://github.com/tensorflow/model-analysis,https://github.com/tensorflow/model-analysis/blob/b703eae15ebb46ca40923e2daa955750e3893a20/tensorflow_model_analysis/view/util_test.py#L541
api,https://github.com/Farama-Foundation/Metaworld,https://github.com/Farama-Foundation/Metaworld/blob/cdafedfaaa896472fb7e76e2fe103e120b67a9b6/metaworld/policies/sawyer_plate_slide_v3_policy.py#L25
api,https://github.com/EleutherAI/lm-evaluation-harness,https://github.com/EleutherAI/lm-evaluation-harness/blob/9f152e0b89e777a17a21e9207da2ae4c1ea8beec/lm_eval/tasks/afrobench/mafand/prompt_1/african-english/utils.py#L84
api,https://github.com/Vchitect/VBench,https://github.com/Vchitect/VBench/blob/d2c30cab5497472af4798bc86f6eb47659381cb4/vbench/third_party/ViCLIP/viclip.py#L199
api,https://github.com/erikbern/ann-benchmarks,https://github.com/erikbern/ann-benchmarks/blob/36681911472059cd4cb9fcac1686709201a2cbc0/ann_benchmarks/distance.py#L68
api,https://github.com/tatsu-lab/alpaca_eval,https://github.com/tatsu-lab/alpaca_eval/blob/f19c323d8309d0d6f306bd26597db44fc6c62d57/src/alpaca_eval/plotting.py#L102
api,https://github.com/modelscope/evalscope,https://github.com/modelscope/evalscope/blob/2a49bccc14f69b9a3464f16d4672823a0a7bcb98/evalscope/metrics/t2v_metrics/models/vqascore_models/lavis/models/blip2_models/modeling_llama.py#L448
api,https://github.com/EvolvingLMMs-Lab/lmms-eval,https://github.com/EvolvingLMMs-Lab/lmms-eval/blob/c4a31289c56a673aba99d2015a1db1decf5308e7/lmms_eval/tasks/coco_cap/utils.py#L144
api,https://github.com/HumanCompatibleAI/overcooked_ai,https://github.com/HumanCompatibleAI/overcooked_ai/blob/739950a079cdaed5a44fcc662efc40244c205d06/src/human_aware_rl/human/process_dataframes.py#L339
