type,line of code,component/function/instruction,label,crowdsourced rater's name,crowdsourced rater's comment,author rater's name,author rater's comment
api,https://github.com/EleutherAI/lm-evaluation-harness/blob/9f152e0b89e777a17a21e9207da2ae4c1ea8beec/lm_eval/tasks/super_glue/cb/t5_utils.py#L11,EleutherAI__lm-evaluation-harness/agg_mean_3class_f1,calculate macro f1 score,Adekunle Ajibode,,Zhimin Zhao,Yes
api,https://github.com/EleutherAI/lm-evaluation-harness/blob/9f152e0b89e777a17a21e9207da2ae4c1ea8beec/lm_eval/tasks/super_glue/multirc/t5_utils.py#L43,EleutherAI__lm-evaluation-harness/agg_em,calculate group accuracy,Adekunle Ajibode,,Zhimin Zhao,Yes
cli,https://github.com/EleutherAI/lm-evaluation-harness/blob/9f152e0b89e777a17a21e9207da2ae4c1ea8beec/lm_eval/tasks/xnli/utils.py#L165,,generate language yamls,Adekunle Ajibode,,Zhimin Zhao,Yes
cli,https://github.com/erikbern/ann-benchmarks/blob/36681911472059cd4cb9fcac1686709201a2cbc0/plot.py#L95,,generate performance plot,Adekunle Ajibode,,Zhimin Zhao,Yes
cli,https://github.com/erikbern/ann-benchmarks/blob/36681911472059cd4cb9fcac1686709201a2cbc0/run.py#L5,,run benchmark,Adekunle Ajibode,,Zhimin Zhao,Yes
cli,https://github.com/evalplus/evalplus/blob/d362e933265c3e7e3df8101c930a89c3c470cd9f/tools/humaneval/fix_v019.py#L31,,apply contract fixes,Adekunle Ajibode,,Zhimin Zhao,Yes
cli,https://github.com/evalplus/evalplus/blob/d362e933265c3e7e3df8101c930a89c3c470cd9f/tools/humaneval/init_ground_truth.py#L6,,create groundtruth files,Adekunle Ajibode,,Zhimin Zhao,Yes
cli,https://github.com/evalplus/evalplus/blob/d362e933265c3e7e3df8101c930a89c3c470cd9f/tools/humaneval/to_original_fmt.py#L205,,generate test code,Adekunle Ajibode,,Zhimin Zhao,Yes
cli,https://github.com/evalplus/evalplus/blob/d362e933265c3e7e3df8101c930a89c3c470cd9f/tools/mbpp/fix_v020.py#L41,,update canonical solutions,Adekunle Ajibode,,Zhimin Zhao,Yes
cli,https://github.com/evalplus/evalplus/blob/d362e933265c3e7e3df8101c930a89c3c470cd9f/tools/tsr/sample_init.py#L47,,collect failure data,Adekunle Ajibode,,Zhimin Zhao,Yes
api,https://github.com/evidentlyai/evidently/blob/609cc2afbfa28c6b37be725b9f1f61bd18136990/src/evidently/metrics/column_statistics.py#L411,evidentlyai__evidently/to_config,unimplemented function,Adekunle Ajibode,,Zhimin Zhao,Yes
api,https://github.com/evidentlyai/evidently/blob/609cc2afbfa28c6b37be725b9f1f61bd18136990/src/evidently/metrics/group_by.py#L79,evidentlyai__evidently/label_metric,unimplemented function,Adekunle Ajibode,,Zhimin Zhao,Yes
cli,https://github.com/evidentlyai/evidently/blob/609cc2afbfa28c6b37be725b9f1f61bd18136990/src/evidently/metrics/recsys.py#L226,,calculate ranking metrics,Adekunle Ajibode,,Zhimin Zhao,Yes
api,https://github.com/evidentlyai/evidently/blob/609cc2afbfa28c6b37be725b9f1f61bd18136990/src/evidently/pydantic_utils.py#L533,evidentlyai__evidently/list_nested_fields_with_tags,extract nested fields,Adekunle Ajibode,,Zhimin Zhao,Yes
api,https://github.com/EvolvingLMMs-Lab/lmms-eval/blob/c4a31289c56a673aba99d2015a1db1decf5308e7/lmms_eval/loggers/utils.py#L97,EvolvingLMMs-Lab__lmms-eval/add_env_info,update environment data,Adekunle Ajibode,,Zhimin Zhao,Yes
api,https://github.com/EvolvingLMMs-Lab/lmms-eval/blob/c4a31289c56a673aba99d2015a1db1decf5308e7/lmms_eval/models/claude.py#L271,EvolvingLMMs-Lab__lmms-eval/generate_until_multi_round,unimplemented function,Adekunle Ajibode,,Zhimin Zhao,Yes
api,https://github.com/EvolvingLMMs-Lab/lmms-eval/blob/c4a31289c56a673aba99d2015a1db1decf5308e7/lmms_eval/models/idefics2.py#L248,EvolvingLMMs-Lab__lmms-eval/generate_until_multi_round,unimplemented function,Adekunle Ajibode,,Zhimin Zhao,Yes
api,https://github.com/EvolvingLMMs-Lab/lmms-eval/blob/c4a31289c56a673aba99d2015a1db1decf5308e7/lmms_eval/models/internvideo2.py#L365,EvolvingLMMs-Lab__lmms-eval/generate_until_multi_round,unimplemented function,Adekunle Ajibode,,Zhimin Zhao,Yes
api,https://github.com/EvolvingLMMs-Lab/lmms-eval/blob/c4a31289c56a673aba99d2015a1db1decf5308e7/lmms_eval/models/llava.py#L432,EvolvingLMMs-Lab__lmms-eval/generate_until_multi_round,unimplemented function,Adekunle Ajibode,,Zhimin Zhao,Yes
api,https://github.com/EvolvingLMMs-Lab/lmms-eval/blob/c4a31289c56a673aba99d2015a1db1decf5308e7/lmms_eval/models/model_utils/qwen/qwen_generate_utils.py#L27,EvolvingLMMs-Lab__lmms-eval/pad_batch,pad tokens,Adekunle Ajibode,,Zhimin Zhao,Yes
api,https://github.com/EvolvingLMMs-Lab/lmms-eval/blob/c4a31289c56a673aba99d2015a1db1decf5308e7/lmms_eval/models/openai_compatible.py#L235,EvolvingLMMs-Lab__lmms-eval/generate_until_multi_round,unimplemented function,Adekunle Ajibode,,Zhimin Zhao,Yes
api,https://github.com/EvolvingLMMs-Lab/lmms-eval/blob/c4a31289c56a673aba99d2015a1db1decf5308e7/lmms_eval/models/qwen2_5_vl_interleave.py#L407,EvolvingLMMs-Lab__lmms-eval/generate_until_multi_round,unimplemented function,Adekunle Ajibode,,Zhimin Zhao,Yes
api,https://github.com/EvolvingLMMs-Lab/lmms-eval/blob/c4a31289c56a673aba99d2015a1db1decf5308e7/lmms_eval/models/qwen2_5_vl.py#L345,EvolvingLMMs-Lab__lmms-eval/generate_until_multi_round,unimplemented function,Adekunle Ajibode,,Zhimin Zhao,Yes
api,https://github.com/EvolvingLMMs-Lab/lmms-eval/blob/c4a31289c56a673aba99d2015a1db1decf5308e7/lmms_eval/models/qwen2_vl.py#L420,EvolvingLMMs-Lab__lmms-eval/generate_until_multi_round,unimplemented function,Adekunle Ajibode,,Zhimin Zhao,Yes
api,https://github.com/EvolvingLMMs-Lab/lmms-eval/blob/c4a31289c56a673aba99d2015a1db1decf5308e7/lmms_eval/models/vita.py#L378,EvolvingLMMs-Lab__lmms-eval/generate_until_multi_round,unimplemented function,Adekunle Ajibode,,Zhimin Zhao,Yes
api,https://github.com/EvolvingLMMs-Lab/lmms-eval/blob/c4a31289c56a673aba99d2015a1db1decf5308e7/lmms_eval/models/whisper.py#L228,EvolvingLMMs-Lab__lmms-eval/generate_until_multi_round,unimplemented function,Adekunle Ajibode,,Zhimin Zhao,Yes
api,https://github.com/EvolvingLMMs-Lab/lmms-eval/blob/c4a31289c56a673aba99d2015a1db1decf5308e7/lmms_eval/tasks/activitynetqa/utils.py#L63,EvolvingLMMs-Lab__lmms-eval/activitynetqa_doc_to_text,generate question prompt,Adekunle Ajibode,,Zhimin Zhao,Yes
api,https://github.com/EvolvingLMMs-Lab/lmms-eval/blob/c4a31289c56a673aba99d2015a1db1decf5308e7/lmms_eval/tasks/chartqa/utils.py#L1,EvolvingLMMs-Lab__lmms-eval/chartqa_doc_to_visual,convert image to rgb,Adekunle Ajibode,,Zhimin Zhao,Yes
cli,https://github.com/EvolvingLMMs-Lab/lmms-eval/blob/c4a31289c56a673aba99d2015a1db1decf5308e7/tools/live_bench/create_dataset.py#L4,,capture dataset,Fangjian Lei,Yes,Zhimin Zhao,Yes
api,https://github.com/explodinggradients/ragas/blob/5d59549ad5ef511f621502c563bc55ac5aeb9188/ragas/src/ragas/integrations/langsmith.py#L23,explodinggradients__ragas/upload_dataset,upload dataset,Fangjian Lei,Yes,Zhimin Zhao,Yes
api,https://github.com/explodinggradients/ragas/blob/5d59549ad5ef511f621502c563bc55ac5aeb9188/ragas/src/ragas/integrations/r2r.py#L52,explodinggradients__ragas/transform_to_ragas_dataset,create ragas dataset,Fangjian Lei,Yes,Zhimin Zhao,Yes
api,https://github.com/explodinggradients/ragas/blob/5d59549ad5ef511f621502c563bc55ac5aeb9188/ragas/src/ragas/metrics/base.py#L345,explodinggradients__ragas/train,train model,Fangjian Lei,Yes,Zhimin Zhao,Yes
api,https://github.com/Farama-Foundation/Metaworld/blob/cdafedfaaa896472fb7e76e2fe103e120b67a9b6/metaworld/policies/sawyer_button_press_v3_policy.py#L22,Farama-Foundation__Metaworld/get_action,generate action,Fangjian Lei,Yes,Zhimin Zhao,Yes
api,https://github.com/Farama-Foundation/Metaworld/blob/cdafedfaaa896472fb7e76e2fe103e120b67a9b6/metaworld/policies/sawyer_coffee_button_v3_policy.py#L23,Farama-Foundation__Metaworld/get_action,generate action,Fangjian Lei,Yes,Zhimin Zhao,Yes
api,https://github.com/Farama-Foundation/Metaworld/blob/cdafedfaaa896472fb7e76e2fe103e120b67a9b6/metaworld/policies/sawyer_coffee_pull_v3_policy.py#L24,Farama-Foundation__Metaworld/get_action,generate action,Fangjian Lei,Yes,Zhimin Zhao,Yes
api,https://github.com/Farama-Foundation/Metaworld/blob/cdafedfaaa896472fb7e76e2fe103e120b67a9b6/metaworld/policies/sawyer_peg_unplug_side_v3_policy.py#L23,Farama-Foundation__Metaworld/get_action,generate action,Fangjian Lei,Yes,Zhimin Zhao,Yes
api,https://github.com/Farama-Foundation/Metaworld/blob/cdafedfaaa896472fb7e76e2fe103e120b67a9b6/metaworld/policies/sawyer_pick_place_v3_policy.py#L26,Farama-Foundation__Metaworld/get_action,generate action,Fangjian Lei,Yes,Zhimin Zhao,Yes
api,https://github.com/Farama-Foundation/Metaworld/blob/cdafedfaaa896472fb7e76e2fe103e120b67a9b6/metaworld/policies/sawyer_plate_slide_v3_policy.py#L25,Farama-Foundation__Metaworld/get_action,generate action,Fangjian Lei,Yes,Zhimin Zhao,Yes
api,https://github.com/Farama-Foundation/Metaworld/blob/cdafedfaaa896472fb7e76e2fe103e120b67a9b6/metaworld/policies/sawyer_push_back_v3_policy.py#L24,Farama-Foundation__Metaworld/get_action,generate action,Fangjian Lei,Yes,Zhimin Zhao,Yes
api,https://github.com/Farama-Foundation/Metaworld/blob/cdafedfaaa896472fb7e76e2fe103e120b67a9b6/metaworld/policies/sawyer_window_close_v3_policy.py#L23,Farama-Foundation__Metaworld/get_action,generate action,Fangjian Lei,Yes,Zhimin Zhao,Yes
api,https://github.com/Farama-Foundation/Metaworld/blob/cdafedfaaa896472fb7e76e2fe103e120b67a9b6/metaworld/sawyer_xyz_env.py#L327,Farama-Foundation__Metaworld/discretize_goal_space,discretize goals,Fangjian Lei,Yes,Zhimin Zhao,Yes
api,https://github.com/Farama-Foundation/Metaworld/blob/cdafedfaaa896472fb7e76e2fe103e120b67a9b6/metaworld/wrappers.py#L31,Farama-Foundation__Metaworld/observation,concatenate observation,Fangjian Lei,Yes,Zhimin Zhao,Yes
api,https://github.com/Giskard-AI/giskard/blob/6808a562cc1c565e6cf88aeb1fd1f77d28fe76ba/giskard/client/python_utils.py#L29,Giskard-AI__giskard/get_python_version,retrieve python version,Fangjian Lei,Yes,Zhimin Zhao,Yes
api,https://github.com/Giskard-AI/giskard/blob/6808a562cc1c565e6cf88aeb1fd1f77d28fe76ba/giskard/registry/decorators_utils.py#L65,Giskard-AI__giskard/insert_arg,insert parameter,Fangjian Lei,Yes,Zhimin Zhao,Yes
api,https://github.com/google-deepmind/meltingpot/blob/f280a35a4ffe5a7613b5c4a062a66fd18c64876c/meltingpot/human_players/play_coins.py#L36,google-deepmind__meltingpot/no_op,return no movement,Fangjian Lei,Yes,Zhimin Zhao,Yes
cli,https://github.com/google-deepmind/meltingpot/blob/f280a35a4ffe5a7613b5c4a062a66fd18c64876c/meltingpot/human_players/play_factory_commons.py#L87,,run human player,Fangjian Lei,"No, it is a main function without any details",Zhimin Zhao,Yes
api,https://github.com/huggingface/evaluate/blob/5aa3982a9a8c86e506860e381d428a64b0cce73b/src/evaluate/hub.py#L14,huggingface__evaluate/push_to_hub,push metric results,Fangjian Lei,Yes,Zhimin Zhao,Yes
api,https://github.com/huggingface/evaluate/blob/5aa3982a9a8c86e506860e381d428a64b0cce73b/src/evaluate/saving.py#L13,huggingface__evaluate/save,save results,Fangjian Lei,Yes,Zhimin Zhao,Yes
api,https://github.com/huggingface/lighteval/blob/9771f3a02ba28a57f8777902d0c36ea7dd445026/src/lighteval/tasks/extended/ifeval/instructions_registry.py#L153,huggingface__lighteval/conflict_make,establish mutual conflicts,Fangjian Lei,Yes,Zhimin Zhao,Yes
api,https://github.com/HumanCompatibleAI/overcooked_ai/blob/739950a079cdaed5a44fcc662efc40244c205d06/src/human_aware_rl/human/process_dataframes.py#L314,HumanCompatibleAI__overcooked_ai/get_trials_scenario_and_worker_rews,aggregate rewards,Fangjian Lei,Yes,Zhimin Zhao,Yes
api,https://github.com/HumanCompatibleAI/overcooked_ai/blob/739950a079cdaed5a44fcc662efc40244c205d06/src/human_aware_rl/imitation/behavior_cloning_tf2.py#L575,HumanCompatibleAI__overcooked_ai/learn_on_batch,return empty dictionary,Fangjian Lei,Yes,Zhimin Zhao,Yes
api,https://github.com/HumanCompatibleAI/overcooked_ai/blob/739950a079cdaed5a44fcc662efc40244c205d06/src/human_aware_rl/ppo/ppo_rllib.py#L81,HumanCompatibleAI__overcooked_ai/forward,generate model output,Fangjian Lei,Yes,Zhimin Zhao,Yes
api,https://github.com/HumanCompatibleAI/overcooked_ai/blob/739950a079cdaed5a44fcc662efc40244c205d06/src/human_aware_rl/utils.py#L15,HumanCompatibleAI__overcooked_ai/delete_dir_if_exists,remove directory,Fangjian Lei,Yes,Zhimin Zhao,Yes
api,https://github.com/HumanCompatibleAI/overcooked_ai/blob/739950a079cdaed5a44fcc662efc40244c205d06/src/overcooked_ai_py/planning/search.py#L36,HumanCompatibleAI__overcooked_ai/A_star_graph_search,finds goal path,Fangjian Lei,Yes,Zhimin Zhao,Yes
api,https://github.com/Marker-Inc-Korea/AutoRAG/blob/8c72159df28006e0d6c548bbf0c133dde2650fd8/autorag/autorag/evaluation/retrieval_contents.py#L14,Marker-Inc-Korea__AutoRAG/evaluate_retrieval_contents,evaluate retrieval contents,Fangjian Lei,Yes,Zhimin Zhao,Yes
api,https://github.com/Marker-Inc-Korea/AutoRAG/blob/8c72159df28006e0d6c548bbf0c133dde2650fd8/autorag/autorag/nodes/passageaugmenter/run.py#L16,Marker-Inc-Korea__AutoRAG/run_passage_augmenter_node,evaluate and save results,Fangjian Lei,Yes,Zhimin Zhao,Yes
api,https://github.com/Marker-Inc-Korea/AutoRAG/blob/8c72159df28006e0d6c548bbf0c133dde2650fd8/autorag/autorag/utils/util.py#L198,Marker-Inc-Korea__AutoRAG/replace_value_in_dict,replace dictionary value,Fangjian Lei,Yes,Zhimin Zhao,Yes
cli,https://github.com/pykeen/pykeen/blob/42bfa99a17ee489d0d54dc6332d5cc71fc0ded08/src/pykeen/datasets/inductive/ilpc2022.py#L92,,initialize inductive datasets,Hetong Dai,,Zhimin Zhao,Yes
cli,https://github.com/pykeen/pykeen/blob/42bfa99a17ee489d0d54dc6332d5cc71fc0ded08/src/pykeen/triples/deteriorate.py#L123,,remove records,Hetong Dai,,Zhimin Zhao,Yes
cli,https://github.com/pykeen/pykeen/blob/42bfa99a17ee489d0d54dc6332d5cc71fc0ded08/src/pykeen/triples/leakage.py#L380,,remove leakage,Hetong Dai,,Zhimin Zhao,Yes
cli,https://github.com/pytorch/benchmark/blob/68cf9dffe5df4eedac42512dc92598fffff335ae/scripts/upload_scribe_v2.py#L227,,upload benchmark data,Hetong Dai,,Zhimin Zhao,Yes
cli,https://github.com/pytorch/benchmark/blob/68cf9dffe5df4eedac42512dc92598fffff335ae/scripts/userbenchmark/upload_s3_csv.py#L56,,upload files,Hetong Dai,,Zhimin Zhao,Yes
cli,https://github.com/pytorch/benchmark/blob/68cf9dffe5df4eedac42512dc92598fffff335ae/scripts/userbenchmark/upload_s3.py#L41,,upload benchmark,Hetong Dai,,Zhimin Zhao,Yes
cli,https://github.com/pytorch/benchmark/blob/68cf9dffe5df4eedac42512dc92598fffff335ae/torchbenchmark/canary_models/diffuser_instruct_pix2pix/install.py#L18,,load model checkpoint,Hetong Dai,,Zhimin Zhao,Yes
cli,https://github.com/pytorch/benchmark/blob/68cf9dffe5df4eedac42512dc92598fffff335ae/torchbenchmark/canary_models/hf_mixtral/install.py#L10,,install requirements,Hetong Dai,,Zhimin Zhao,Yes
cli,https://github.com/pytorch/benchmark/blob/68cf9dffe5df4eedac42512dc92598fffff335ae/torchbenchmark/canary_models/orca_2/install.py#L8,,patch transformers,Hetong Dai,,Zhimin Zhao,Yes
cli,https://github.com/pytorch/benchmark/blob/68cf9dffe5df4eedac42512dc92598fffff335ae/torchbenchmark/canary_models/phi_1_5/install.py#L11,,install dependencies,Hetong Dai,,Zhimin Zhao,Yes
cli,https://github.com/pytorch/benchmark/blob/68cf9dffe5df4eedac42512dc92598fffff335ae/torchbenchmark/canary_models/stable_diffusion_xl/install.py#L18,,load model checkpoint,Hetong Dai,,Zhimin Zhao,Yes
api,https://github.com/pytorch/benchmark/blob/68cf9dffe5df4eedac42512dc92598fffff335ae/torchbenchmark/models/Background_Matting/functions.py#L43,pytorch__benchmark/get_bbox,calculate bounding box,Hetong Dai,,Zhimin Zhao,Yes
cli,https://github.com/pytorch/benchmark/blob/68cf9dffe5df4eedac42512dc92598fffff335ae/torchbenchmark/models/basic_gnn_sage/install.py#L3,,install pytorch geometric,Hetong Dai,,Zhimin Zhao,Yes
cli,https://github.com/pytorch/benchmark/blob/68cf9dffe5df4eedac42512dc92598fffff335ae/torchbenchmark/models/BERT_pytorch/install.py#L9,,install package,Hetong Dai,,Zhimin Zhao,Yes
api,https://github.com/pytorch/benchmark/blob/68cf9dffe5df4eedac42512dc92598fffff335ae/torchbenchmark/models/demucs/demucs/compressed.py#L48,pytorch__benchmark/track_metadata,select metadata,Hetong Dai,,Zhimin Zhao,Yes
cli,https://github.com/pytorch/benchmark/blob/68cf9dffe5df4eedac42512dc92598fffff335ae/torchbenchmark/models/demucs/demucs/tasnet.py#L457,,separate audio sources,Hetong Dai,,Zhimin Zhao,Yes
cli,https://github.com/pytorch/benchmark/blob/68cf9dffe5df4eedac42512dc92598fffff335ae/torchbenchmark/models/detectron2_fcos_r_50_fpn/install.py#L8,,install detectron2,Hetong Dai,,Zhimin Zhao,Yes
api,https://github.com/pytorch/benchmark/blob/68cf9dffe5df4eedac42512dc92598fffff335ae/torchbenchmark/models/drq/drqutils.py#L44,pytorch__benchmark/make_dir,create directory,Hetong Dai,,Zhimin Zhao,Yes
cli,https://github.com/pytorch/benchmark/blob/68cf9dffe5df4eedac42512dc92598fffff335ae/torchbenchmark/models/fastNLP_Bert/install.py#L20,,apply fastnlp patch,Hetong Dai,,Zhimin Zhao,Yes
cli,https://github.com/pytorch/benchmark/blob/68cf9dffe5df4eedac42512dc92598fffff335ae/torchbenchmark/models/functorch_maml_omniglot/install.py#L4,,checkout s3 data,Hetong Dai,,Zhimin Zhao,Yes
cli,https://github.com/pytorch/benchmark/blob/68cf9dffe5df4eedac42512dc92598fffff335ae/torchbenchmark/models/hf_Bert/install.py#L9,,install requirements,Hetong Dai,,Zhimin Zhao,Yes
cli,https://github.com/pytorch/benchmark/blob/68cf9dffe5df4eedac42512dc92598fffff335ae/torchbenchmark/models/hf_BigBird/install.py#L9,,install requirements,Hetong Dai,,Zhimin Zhao,Yes
cli,https://github.com/pytorch/benchmark/blob/68cf9dffe5df4eedac42512dc92598fffff335ae/torchbenchmark/models/hf_distil_whisper/install.py#L9,,install requirements,Hetong Dai,,Zhimin Zhao,Yes
cli,https://github.com/pytorch/benchmark/blob/68cf9dffe5df4eedac42512dc92598fffff335ae/torchbenchmark/models/hf_T5_large/install.py#L9,,install requirements,Hetong Dai,,Zhimin Zhao,Yes
cli,https://github.com/pytorch/benchmark/blob/68cf9dffe5df4eedac42512dc92598fffff335ae/torchbenchmark/models/hf_Whisper/install.py#L8,,patch transformers,Hetong Dai,,Zhimin Zhao,Yes
api,https://github.com/pytorch/benchmark/blob/68cf9dffe5df4eedac42512dc92598fffff335ae/torchbenchmark/models/LearningToPaint/baseline_modelfree/env.py#L93,pytorch__benchmark/cal_trans,transform tensor,Hetong Dai,,Zhimin Zhao,Yes
api,https://github.com/pytorch/benchmark/blob/68cf9dffe5df4eedac42512dc92598fffff335ae/torchbenchmark/models/LearningToPaint/baseline/DRL/ddpg.py#L35,pytorch__benchmark/cal_trans,transform tensor,Hetong Dai,,Zhimin Zhao,Yes
cli,https://github.com/pytorch/benchmark/blob/68cf9dffe5df4eedac42512dc92598fffff335ae/torchbenchmark/models/llama_v2_7b_16h/install.py#L5,,cache model,Hetong Dai,,Zhimin Zhao,Yes
cli,https://github.com/pytorch/benchmark/blob/68cf9dffe5df4eedac42512dc92598fffff335ae/torchbenchmark/models/llava/install.py#L9,,install requirements,Hetong Dai,,Zhimin Zhao,Yes
api,https://github.com/pytorch/benchmark/blob/68cf9dffe5df4eedac42512dc92598fffff335ae/torchbenchmark/models/maml/meta.py#L34,pytorch__benchmark/clip_grad_by_norm_,calculate and clip gradients,Hetong Dai,,Zhimin Zhao,Yes
api,https://github.com/EvolvingLMMs-Lab/lmms-eval/blob/c4a31289c56a673aba99d2015a1db1decf5308e7/lmms_eval/tasks/detailcaps/utils.py#L157,EvolvingLMMs-Lab__lmms-eval/detailcaps_meteor,calculate meteor score,James Jewitt,,Zhimin Zhao,Yes
api,https://github.com/EvolvingLMMs-Lab/lmms-eval/blob/c4a31289c56a673aba99d2015a1db1decf5308e7/lmms_eval/tasks/egothink/utils.py#L64,EvolvingLMMs-Lab__lmms-eval/egothink_doc_to_visual,convert image,James Jewitt,,Zhimin Zhao,Yes
api,https://github.com/EvolvingLMMs-Lab/lmms-eval/blob/c4a31289c56a673aba99d2015a1db1decf5308e7/lmms_eval/tasks/flickr30k/utils.py#L118,EvolvingLMMs-Lab__lmms-eval/flickr_rougel,calculate rouge-l score,James Jewitt,,Zhimin Zhao,Yes
api,https://github.com/EvolvingLMMs-Lab/lmms-eval/blob/c4a31289c56a673aba99d2015a1db1decf5308e7/lmms_eval/tasks/ifeval/instructions_registry.py#L155,EvolvingLMMs-Lab__lmms-eval/conflict_make,establish mutual conflicts,James Jewitt,,Zhimin Zhao,Yes
api,https://github.com/EvolvingLMMs-Lab/lmms-eval/blob/c4a31289c56a673aba99d2015a1db1decf5308e7/lmms_eval/tasks/ifeval/instructions.py#L1130,EvolvingLMMs-Lab__lmms-eval/get_instruction_args_keys,unimplemented function,James Jewitt,,Zhimin Zhao,Yes
api,https://github.com/EvolvingLMMs-Lab/lmms-eval/blob/c4a31289c56a673aba99d2015a1db1decf5308e7/lmms_eval/tasks/ifeval/instructions.py#L221,EvolvingLMMs-Lab__lmms-eval/get_instruction_args_keys,unimplemented function,James Jewitt,,Zhimin Zhao,Yes
api,https://github.com/EvolvingLMMs-Lab/lmms-eval/blob/c4a31289c56a673aba99d2015a1db1decf5308e7/lmms_eval/tasks/ifeval/utils.py#L136,EvolvingLMMs-Lab__lmms-eval/agg_inst_level_acc,calculate average accuracy,James Jewitt,,Zhimin Zhao,Yes
api,https://github.com/EvolvingLMMs-Lab/lmms-eval/blob/c4a31289c56a673aba99d2015a1db1decf5308e7/lmms_eval/tasks/internal_eval/d170_cn_utils.py#L118,EvolvingLMMs-Lab__lmms-eval/d170_cn_aggregate_info,save results,James Jewitt,,Zhimin Zhao,Yes
api,https://github.com/EvolvingLMMs-Lab/lmms-eval/blob/c4a31289c56a673aba99d2015a1db1decf5308e7/lmms_eval/tasks/internal_eval/d170_cn_utils.py#L125,EvolvingLMMs-Lab__lmms-eval/d170_cn_aggregate_avg_score,calculate average score,James Jewitt,,Zhimin Zhao,Yes
api,https://github.com/EvolvingLMMs-Lab/lmms-eval/blob/c4a31289c56a673aba99d2015a1db1decf5308e7/lmms_eval/tasks/livexiv_tqa/utils.py#L72,EvolvingLMMs-Lab__lmms-eval/livexiv_doc_to_mc_target,extract answer,James Jewitt,,Zhimin Zhao,Yes
api,https://github.com/EvolvingLMMs-Lab/lmms-eval/blob/c4a31289c56a673aba99d2015a1db1decf5308e7/lmms_eval/tasks/megabench/utils.py#L47,EvolvingLMMs-Lab__lmms-eval/megabench_doc_to_text,generate prompt,James Jewitt,,Zhimin Zhao,Yes
api,https://github.com/EvolvingLMMs-Lab/lmms-eval/blob/c4a31289c56a673aba99d2015a1db1decf5308e7/lmms_eval/tasks/mix_evals/video2text/utils.py#L167,EvolvingLMMs-Lab__lmms-eval/mix_evals_video2text_doc_to_visual,generate video visualization,James Jewitt,,Zhimin Zhao,Yes
api,https://github.com/EvolvingLMMs-Lab/lmms-eval/blob/c4a31289c56a673aba99d2015a1db1decf5308e7/lmms_eval/tasks/mlvu/utils.py#L44,EvolvingLMMs-Lab__lmms-eval/mlvu_doc_to_visual_dev,generate video path,James Jewitt,,Zhimin Zhao,Yes
api,https://github.com/EvolvingLMMs-Lab/lmms-eval/blob/c4a31289c56a673aba99d2015a1db1decf5308e7/lmms_eval/tasks/mmbench/ko_utils.py#L39,EvolvingLMMs-Lab__lmms-eval/mmbench_doc_to_visual,convert image to rgb,James Jewitt,,Zhimin Zhao,Yes
api,https://github.com/EvolvingLMMs-Lab/lmms-eval/blob/c4a31289c56a673aba99d2015a1db1decf5308e7/lmms_eval/tasks/muchomusic/utils.py#L22,EvolvingLMMs-Lab__lmms-eval/muchomusic_doc_to_text,construct prompt text,James Jewitt,,Zhimin Zhao,Yes
api,https://github.com/EvolvingLMMs-Lab/lmms-eval/blob/c4a31289c56a673aba99d2015a1db1decf5308e7/lmms_eval/tasks/multilingual-llava-bench-in-the-wild/utils.py#L170,EvolvingLMMs-Lab__lmms-eval/llava_detail_aggregation,aggregate details,James Jewitt,,Zhimin Zhao,Yes
api,https://github.com/EvolvingLMMs-Lab/lmms-eval/blob/c4a31289c56a673aba99d2015a1db1decf5308e7/lmms_eval/tasks/nocaps/utils.py#L98,EvolvingLMMs-Lab__lmms-eval/nocaps_bleu4,calculate bleu-4 score,James Jewitt,,Zhimin Zhao,Yes
api,https://github.com/EvolvingLMMs-Lab/lmms-eval/blob/c4a31289c56a673aba99d2015a1db1decf5308e7/lmms_eval/tasks/ocrbench_v2/spotting_eval/rrc_evaluation_funcs_1_1.py#L354,EvolvingLMMs-Lab__lmms-eval/get_tl_dict_values_from_array,extract point data,James Jewitt,,Zhimin Zhao,Yes
api,https://github.com/EvolvingLMMs-Lab/lmms-eval/blob/c4a31289c56a673aba99d2015a1db1decf5308e7/lmms_eval/tasks/ocrbench_v2/TEDS_metric.py#L646,EvolvingLMMs-Lab__lmms-eval/csv2triples_noheader,convert file,James Jewitt,,Zhimin Zhao,Yes
api,https://github.com/EvolvingLMMs-Lab/lmms-eval/blob/c4a31289c56a673aba99d2015a1db1decf5308e7/lmms_eval/tasks/openhermes/utils.py#L18,EvolvingLMMs-Lab__lmms-eval/doc_to_audio,extract context,James Jewitt,,Zhimin Zhao,Yes
api,https://github.com/EvolvingLMMs-Lab/lmms-eval/blob/c4a31289c56a673aba99d2015a1db1decf5308e7/lmms_eval/tasks/people_speech/utils.py#L29,EvolvingLMMs-Lab__lmms-eval/people_speech_doc_to_audio,extract audio,James Jewitt,,Zhimin Zhao,Yes
api,https://github.com/EvolvingLMMs-Lab/lmms-eval/blob/c4a31289c56a673aba99d2015a1db1decf5308e7/lmms_eval/tasks/plm_videobench/rdcap/rdcap_utils.py#L31,EvolvingLMMs-Lab__lmms-eval/plm_rdcap_doc_to_visual,draw bounding boxes,James Jewitt,,Zhimin Zhao,Yes
api,https://github.com/EvolvingLMMs-Lab/lmms-eval/blob/c4a31289c56a673aba99d2015a1db1decf5308e7/lmms_eval/tasks/refcoco/utils_rec.py#L48,EvolvingLMMs-Lab__lmms-eval/refcoco_bbox_rec_doc_to_text,generate bounding box description,James Jewitt,,Zhimin Zhao,Yes
api,https://github.com/EvolvingLMMs-Lab/lmms-eval/blob/c4a31289c56a673aba99d2015a1db1decf5308e7/lmms_eval/tasks/temporalbench/utils.py#L43,EvolvingLMMs-Lab__lmms-eval/temporalbench_doc_to_text,extract question,James Jewitt,,Zhimin Zhao,Yes
api,https://github.com/EvolvingLMMs-Lab/lmms-eval/blob/c4a31289c56a673aba99d2015a1db1decf5308e7/lmms_eval/tasks/vatex/utils.py#L177,EvolvingLMMs-Lab__lmms-eval/vatex_bleu4,calculate bleu-4 score,James Jewitt,,Zhimin Zhao,Yes
api,https://github.com/EvolvingLMMs-Lab/lmms-eval/blob/c4a31289c56a673aba99d2015a1db1decf5308e7/lmms_eval/tasks/video_detail_description/utils.py#L82,EvolvingLMMs-Lab__lmms-eval/video_detail_description_doc_to_answer,extract answer,James Jewitt,,Zhimin Zhao,Yes
api,https://github.com/EvolvingLMMs-Lab/lmms-eval/blob/c4a31289c56a673aba99d2015a1db1decf5308e7/lmms_eval/tasks/vitatecs/utils.py#L65,EvolvingLMMs-Lab__lmms-eval/vitatecs_doc_to_text,generate question prompt,James Jewitt,,Zhimin Zhao,Yes
api,https://github.com/EvolvingLMMs-Lab/lmms-eval/blob/c4a31289c56a673aba99d2015a1db1decf5308e7/lmms_eval/tasks/vizwiz_vqa/utils.py#L15,EvolvingLMMs-Lab__lmms-eval/vizwiz_vqa_doc_to_visual,convert image to rgb,James Jewitt,,Zhimin Zhao,Yes
api,https://github.com/EvolvingLMMs-Lab/lmms-eval/blob/c4a31289c56a673aba99d2015a1db1decf5308e7/lmms_eval/tasks/youcook2/utils.py#L24,EvolvingLMMs-Lab__lmms-eval/random_string,generate random string,James Jewitt,,Zhimin Zhao,Yes
cli,https://github.com/EvolvingLMMs-Lab/lmms-eval/blob/c4a31289c56a673aba99d2015a1db1decf5308e7/tools/lite/shrink.py#L31,,execute dataset shrinking,James Jewitt,,Zhimin Zhao,Yes
cli,https://github.com/pytorch/benchmark/blob/68cf9dffe5df4eedac42512dc92598fffff335ae/torchbenchmark/models/pyhpc_equation_of_state/install.py#L1,,passthrough function,Luis Rivera-Wong,,Zhimin Zhao,Yes
api,https://github.com/pytorch/benchmark/blob/68cf9dffe5df4eedac42512dc92598fffff335ae/torchbenchmark/models/pytorch_CycleGAN_and_pix2pix/util/visualizer.py#L18,pytorch__benchmark/save_images,save images,Luis Rivera-Wong,,Zhimin Zhao,Yes
api,https://github.com/pytorch/benchmark/blob/68cf9dffe5df4eedac42512dc92598fffff335ae/torchbenchmark/models/sam/transforms.py#L62,pytorch__benchmark/apply_image_torch,resize image,Luis Rivera-Wong,,Zhimin Zhao,Yes
cli,https://github.com/pytorch/benchmark/blob/68cf9dffe5df4eedac42512dc92598fffff335ae/torchbenchmark/models/speech_transformer/speech_transformer/utils/utils.py#L24,,add recognition results,Luis Rivera-Wong,,Zhimin Zhao,Yes
cli,https://github.com/pytorch/benchmark/blob/68cf9dffe5df4eedac42512dc92598fffff335ae/torchbenchmark/models/stable_diffusion_unet/install.py#L18,,load model checkpoint,Luis Rivera-Wong,,Zhimin Zhao,Yes
api,https://github.com/pytorch/benchmark/blob/68cf9dffe5df4eedac42512dc92598fffff335ae/torchbenchmark/models/tacotron2/audio_processing.py#L66,pytorch__benchmark/griffin_lim,reconstruct signal,Luis Rivera-Wong,,Zhimin Zhao,Yes
api,https://github.com/pytorch/benchmark/blob/68cf9dffe5df4eedac42512dc92598fffff335ae/torchbenchmark/models/tacotron2/waveglow/tacotron2/audio_processing.py#L66,pytorch__benchmark/griffin_lim,reconstruct signal,Luis Rivera-Wong,,Zhimin Zhao,Yes
cli,https://github.com/pytorch/benchmark/blob/68cf9dffe5df4eedac42512dc92598fffff335ae/torchbenchmark/models/timm_efficientdet/install.py#L32,,apply library patches,Luis Rivera-Wong,,Zhimin Zhao,Yes
api,https://github.com/pytorch/benchmark/blob/68cf9dffe5df4eedac42512dc92598fffff335ae/torchbenchmark/models/yolov3/install.py#L8,pytorch__benchmark/setup_data_dir,set up data directory,Luis Rivera-Wong,,Zhimin Zhao,Yes
api,https://github.com/pytorch/benchmark/blob/68cf9dffe5df4eedac42512dc92598fffff335ae/torchbenchmark/models/yolov3/yolo_utils/utils.py#L712,pytorch__benchmark/print_model_biases,display biases,Luis Rivera-Wong,,Zhimin Zhao,Yes
api,https://github.com/pytorch/benchmark/blob/68cf9dffe5df4eedac42512dc92598fffff335ae/torchbenchmark/util/framework/huggingface/args.py#L29,pytorch__benchmark/apply_args,enable fp16 evaluation,Luis Rivera-Wong,,Zhimin Zhao,Yes
api,https://github.com/pytorch/benchmark/blob/68cf9dffe5df4eedac42512dc92598fffff335ae/torchbenchmark/util/framework/timm/args.py#L26,pytorch__benchmark/setup_args_distributed,initialize distributed settings,Luis Rivera-Wong,,Zhimin Zhao,Yes
api,https://github.com/pytorch/benchmark/blob/68cf9dffe5df4eedac42512dc92598fffff335ae/torchbenchmark/util/framework/timm/instantiate.py#L46,pytorch__benchmark/timm_instantiate_eval,create evaluation model,Luis Rivera-Wong,,Zhimin Zhao,Yes
cli,https://github.com/pytorch/benchmark/blob/68cf9dffe5df4eedac42512dc92598fffff335ae/userbenchmark/torchao/install.py#L22,,reinstall torchao,Luis Rivera-Wong,,Zhimin Zhao,Yes
api,https://github.com/pytorch/benchmark/blob/68cf9dffe5df4eedac42512dc92598fffff335ae/utils/gitutils.py#L101,pytorch__benchmark/get_current_branch,retrieve branch,Luis Rivera-Wong,,Zhimin Zhao,Yes
api,https://github.com/pytorch/benchmark/blob/68cf9dffe5df4eedac42512dc92598fffff335ae/utils/gitutils.py#L111,pytorch__benchmark/get_git_origin,retrieve remote url,Luis Rivera-Wong,,Zhimin Zhao,Yes
cli,https://github.com/pytorch/benchmark/blob/68cf9dffe5df4eedac42512dc92598fffff335ae/utils/python_utils.py#L72,,create conda environment,Luis Rivera-Wong,,Zhimin Zhao,Yes
cli,https://github.com/simpler-env/SimplerEnv/blob/4ab7178e83e84ee06894034ec6dbf9e7aad1e882/tools/merge_videos.py#L189,,merge videos,Luis Rivera-Wong,,Zhimin Zhao,Yes
cli,https://github.com/snap-stanford/ogb/blob/61e9784ca76edeaa6e259ba0f836099608ff0586/ogb/linkproppred/dataset.py#L154,,load link prediction dataset,Luis Rivera-Wong,,Zhimin Zhao,Yes
cli,https://github.com/snap-stanford/ogb/blob/61e9784ca76edeaa6e259ba0f836099608ff0586/ogb/lsc/wikikg90m.py#L254,,download dataset,Luis Rivera-Wong,,Zhimin Zhao,Yes
cli,https://github.com/stanford-crfm/helm/blob/68b6aa9a01598aa0d371507c4c7299260eb9c4e6/scripts/cache/fix_together_cache.py#L57,,fix cache,Luis Rivera-Wong,,Zhimin Zhao,Yes
cli,https://github.com/stanford-crfm/helm/blob/68b6aa9a01598aa0d371507c4c7299260eb9c4e6/scripts/fact_completion/filter_triples.py#L107,,filter triples,Luis Rivera-Wong,,Zhimin Zhao,Yes
cli,https://github.com/stanford-crfm/helm/blob/68b6aa9a01598aa0d371507c4c7299260eb9c4e6/scripts/offline_eval/export_requests.py#L138,,export raw requests,Luis Rivera-Wong,,Zhimin Zhao,Yes
api,https://github.com/stanford-crfm/helm/blob/68b6aa9a01598aa0d371507c4c7299260eb9c4e6/src/helm/benchmark/metrics/summac/utils_misc.py#L27,stanford-crfm__helm/wait_free_gpu,check gpu availability,Luis Rivera-Wong,,Zhimin Zhao,Yes
api,https://github.com/stanford-crfm/helm/blob/68b6aa9a01598aa0d371507c4c7299260eb9c4e6/src/helm/benchmark/run_specs/unitxt_run_specs.py#L10,stanford-crfm__helm/get_unitxt_spec,generate run specification,Luis Rivera-Wong,,Zhimin Zhao,Yes
api,https://github.com/stanford-crfm/helm/blob/68b6aa9a01598aa0d371507c4c7299260eb9c4e6/src/helm/benchmark/scenarios/numeracy_scenario.py#L184,stanford-crfm__helm/generate_linear,create linear polynomial,Luis Rivera-Wong,,Zhimin Zhao,Yes
api,https://github.com/stanford-crfm/helm/blob/68b6aa9a01598aa0d371507c4c7299260eb9c4e6/src/helm/clients/audio_language/qwen_omni/modeling_qwen2_5_omni.py#L1168,stanford-crfm__helm/extra_repr,return tensor shape,Luis Rivera-Wong,,Zhimin Zhao,Yes
api,https://github.com/stanford-crfm/helm/blob/68b6aa9a01598aa0d371507c4c7299260eb9c4e6/src/helm/clients/image_generation/dalle_mini/model/text.py#L140,stanford-crfm__helm/add_space_after_commas,insert space after commas,Luis Rivera-Wong,,Zhimin Zhao,Yes
api,https://github.com/stanford-crfm/helm/blob/68b6aa9a01598aa0d371507c4c7299260eb9c4e6/src/helm/clients/image_generation/dalle_mini/vqgan_jax/convert_pt_model_to_jax.py#L91,stanford-crfm__helm/convert_model,load and save model,Luis Rivera-Wong,,Zhimin Zhao,Yes
api,https://github.com/stanford-crfm/helm/blob/68b6aa9a01598aa0d371507c4c7299260eb9c4e6/src/helm/common/cache.py#L87,stanford-crfm__helm/get_all_from_sqlite,retrieve key-value pairs,Luis Rivera-Wong,,Zhimin Zhao,Yes
api,https://github.com/allenai/reward-bench/blob/09eb3b5dd9d2157adc854c693a6a38105a8b3c87/rewardbench/models/beaver.py#L397,allenai__reward-bench/get_decoder,retrieve model,Md Ahasanuzzaman,,Zhimin Zhao,Yes
api,https://github.com/allenai/reward-bench/blob/09eb3b5dd9d2157adc854c693a6a38105a8b3c87/rewardbench/models/starling.py#L107,allenai__reward-bench/get_device,retrieve device,Md Ahasanuzzaman,,Zhimin Zhao,Yes
cli,https://github.com/amazon-science/RAGChecker/blob/6091f08c00e676e87a970f2aeb4a23a484746348/rag_baselines/chunking.py#L28,,split text,Md Ahasanuzzaman,,Zhimin Zhao,Yes
api,https://github.com/AmenRa/ranx/blob/f60b1ac230ab97bd3c6ad2c210f79882293b306d/ranx/data_structures/run.py#L191,AmenRa__ranx/save,save qrels data,Md Ahasanuzzaman,,Zhimin Zhao,Yes
api,https://github.com/AmenRa/ranx/blob/f60b1ac230ab97bd3c6ad2c210f79882293b306d/ranx/metrics/get_non_rel_lists.py#L50,AmenRa__ranx/get_non_rel_lists,identify non-rel,Md Ahasanuzzaman,,Zhimin Zhao,Yes
api,https://github.com/AmenRa/ranx/blob/f60b1ac230ab97bd3c6ad2c210f79882293b306d/ranx/metrics/get_unjudged_lists.py#L46,AmenRa__ranx/get_unjudged_lists,calculate unjudged list,Md Ahasanuzzaman,,Zhimin Zhao,Yes
api,https://github.com/beir-cellar/beir/blob/6ef8c9097ebfb203ad360bd64e0cfb93e64f4a44/beir/generation/models/auto_model.py#L67,beir-cellar__beir/start_multi_process_pool,start multi-process pool,Md Ahasanuzzaman,,Zhimin Zhao,Yes
api,https://github.com/beir-cellar/beir/blob/6ef8c9097ebfb203ad360bd64e0cfb93e64f4a44/beir/retrieval/evaluation.py#L26,beir-cellar__beir/retrieve,perform search,Md Ahasanuzzaman,,Zhimin Zhao,Yes
api,https://github.com/beir-cellar/beir/blob/6ef8c9097ebfb203ad360bd64e0cfb93e64f4a44/beir/retrieval/search/dense/faiss_search.py#L548,beir-cellar__beir/get_index_name,get index name,Md Ahasanuzzaman,,Zhimin Zhao,Yes
api,https://github.com/beir-cellar/beir/blob/6ef8c9097ebfb203ad360bd64e0cfb93e64f4a44/beir/retrieval/train.py#L30,beir-cellar__beir/load_train,generate training samples,Md Ahasanuzzaman,,Zhimin Zhao,Yes
api,https://github.com/beir-cellar/beir/blob/6ef8c9097ebfb203ad360bd64e0cfb93e64f4a44/beir/retrieval/train.py#L66,beir-cellar__beir/prepare_train,create training data,Md Ahasanuzzaman,,Zhimin Zhao,Yes
cli,https://github.com/bigcode-project/bigcode-evaluation-harness/blob/6116c6a9a5672c69bd624373cfbc8938b7acc249/bigcode_eval/tasks/custom_metrics/multiple_metrics/eval_ruby.py#L44,,compile and run ruby,Md Ahasanuzzaman,,Zhimin Zhao,Yes
cli,https://github.com/bigcode-project/bigcode-evaluation-harness/blob/6116c6a9a5672c69bd624373cfbc8938b7acc249/bigcode_eval/tasks/humanevalpack_openai.py#L190,,generate code completions,Md Ahasanuzzaman,,Zhimin Zhao,Yes
cli,https://github.com/bigcode-project/bigcode-evaluation-harness/blob/6116c6a9a5672c69bd624373cfbc8938b7acc249/finetuning/APPS/apps_train.py#L106,,train language model,Md Ahasanuzzaman,,Zhimin Zhao,Yes
api,https://github.com/Cloud-CV/evalai-cli/blob/6426f26a9add307841665215e795d4dca86ee362/evalai/challenges.py#L116,Cloud-CV__evalai-cli/future,list upcoming challenges,Md Ahasanuzzaman,,Zhimin Zhao,Yes
api,https://github.com/Cloud-CV/evalai-cli/blob/6426f26a9add307841665215e795d4dca86ee362/evalai/utils/common.py#L31,Cloud-CV__evalai-cli/convert,parse date,Md Ahasanuzzaman,,Zhimin Zhao,Yes
api,https://github.com/Cloud-CV/EvalAI/blob/8d1444f233a84f57b4a6b3db2bc7503da4cc7194/apps/web/views.py#L32,Cloud-CV__EvalAI/page_not_found,render 404 error page,Md Ahasanuzzaman,,Zhimin Zhao,Yes
cli,https://github.com/Cloud-CV/EvalAI/blob/8d1444f233a84f57b4a6b3db2bc7503da4cc7194/scripts/monitoring/auto_scale_ec2_workers.py#L142,,manage ec2 instances,Md Ahasanuzzaman,,Zhimin Zhao,Yes
api,https://github.com/comet-ml/opik/blob/72628f77bade9dfb508cc22ce71362bb0e6ed132/sdks/opik_optimizer/benchmarks/benchmark_monitor.py#L88,comet-ml__opik/save_progress,save optimization data,Md Ahasanuzzaman,,Zhimin Zhao,Yes
api,https://github.com/comet-ml/opik/blob/72628f77bade9dfb508cc22ce71362bb0e6ed132/sdks/opik_optimizer/benchmarks/run_benchmark.py#L1959,comet-ml__opik/print_summary,display results,Md Ahasanuzzaman,,Zhimin Zhao,Yes
api,https://github.com/comet-ml/opik/blob/72628f77bade9dfb508cc22ce71362bb0e6ed132/sdks/opik_optimizer/src/opik_optimizer/optimization_config/mappers.py#L39,comet-ml__opik/from_agent_output,map output value,Md Ahasanuzzaman,,Zhimin Zhao,Yes
api,https://github.com/confident-ai/deepeval/blob/f296dc03b76b5fb5cc124d2dbb10367af0a5777d/deepeval/tracing/otel/exporter.py#L24,confident-ai__deepeval/export,export spans,Md Ahasanuzzaman,,Zhimin Zhao,Yes
api,https://github.com/EleutherAI/lm-evaluation-harness/blob/9f152e0b89e777a17a21e9207da2ae4c1ea8beec/lm_eval/decontamination/archiver.py#L134,EleutherAI__lm-evaluation-harness/read_and_tell,read and yield lines,Md Ahasanuzzaman,,Zhimin Zhao,Yes
api,https://github.com/erikbern/ann-benchmarks/blob/36681911472059cd4cb9fcac1686709201a2cbc0/ann_benchmarks/algorithms/opensearchknn/module.py#L120,erikbern__ann-benchmarks/freeIndex,delete index,Md Ahasanuzzaman,,Zhimin Zhao,Yes
cli,https://github.com/evalplus/evalplus/blob/d362e933265c3e7e3df8101c930a89c3c470cd9f/tools/evalperf/hf_upload.py#L62,,process evalplus dataset,Md Ahasanuzzaman,,Zhimin Zhao,Yes
api,https://github.com/EvolvingLMMs-Lab/lmms-eval/blob/c4a31289c56a673aba99d2015a1db1decf5308e7/lmms_eval/api/registry.py#L47,EvolvingLMMs-Lab__lmms-eval/register_task,register task,Md Ahasanuzzaman,,Zhimin Zhao,Yes
api,https://github.com/facebookresearch/DomainBed/blob/b93c22a1cfc3b2428398272c1a116c8de1f4139e/domainbed/algorithms.py#L324,facebookresearch__DomainBed/get_accuracy,calculate accuracy,Md Ahasanuzzaman,,Zhimin Zhao,Yes
api,https://github.com/Farama-Foundation/Metaworld/blob/cdafedfaaa896472fb7e76e2fe103e120b67a9b6/metaworld/policies/sawyer_assembly_v3_policy.py#L24,Farama-Foundation__Metaworld/get_action,generate action,Md Ahasanuzzaman,,Zhimin Zhao,Yes
api,https://github.com/Giskard-AI/giskard/blob/6808a562cc1c565e6cf88aeb1fd1f77d28fe76ba/giskard/client/python_utils.py#L17,Giskard-AI__giskard/get_python_requirements,retrieve python requirements,Md Ahasanuzzaman,,Zhimin Zhao,Yes
cli,https://github.com/google-deepmind/meltingpot/blob/f280a35a4ffe5a7613b5c4a062a66fd18c64876c/meltingpot/human_players/play_allelopathic_harvest.py#L77,,run human player,Md Ahasanuzzaman,,Zhimin Zhao,Yes
cli,https://github.com/comet-ml/opik/blob/72628f77bade9dfb508cc22ce71362bb0e6ed132/sdks/opik_optimizer/benchmarks/run_benchmark.py#L2519,,run benchmark,Mohammed Mehedi Hasan,,Zhimin Zhao,Yes
api,https://github.com/comet-ml/opik/blob/72628f77bade9dfb508cc22ce71362bb0e6ed132/sdks/python/src/opik/decorator/inspect_helpers.py#L29,comet-ml__opik/is_generator,check generator,Mohammed Mehedi Hasan,,Zhimin Zhao,Yes
api,https://github.com/confident-ai/deepeval/blob/f296dc03b76b5fb5cc124d2dbb10367af0a5777d/deepeval/telemetry.py#L322,confident-ai__deepeval/capture_red_teamer_run,log red teamer event,Mohammed Mehedi Hasan,,Zhimin Zhao,Yes
api,https://github.com/confident-ai/deepeval/blob/f296dc03b76b5fb5cc124d2dbb10367af0a5777d/deepeval/utils.py#L24,confident-ai__deepeval/get_lcs,find longest common subsequence,Mohammed Mehedi Hasan,,Zhimin Zhao,Yes
api,https://github.com/EleutherAI/lm-evaluation-harness/blob/9f152e0b89e777a17a21e9207da2ae4c1ea8beec/lm_eval/decontamination/janitor.py#L139,EleutherAI__lm-evaluation-harness/save_contamination_ngrams,save contamination data,Mohammed Mehedi Hasan,,Zhimin Zhao,Yes
api,https://github.com/EleutherAI/lm-evaluation-harness/blob/9f152e0b89e777a17a21e9207da2ae4c1ea8beec/lm_eval/tasks/acpbench/gen_2shot_with_pddl/acp_utils.py#L56,EleutherAI__lm-evaluation-harness/action_list,initialize action list,Mohammed Mehedi Hasan,,Zhimin Zhao,Yes
cli,https://github.com/EleutherAI/lm-evaluation-harness/blob/9f152e0b89e777a17a21e9207da2ae4c1ea8beec/lm_eval/tasks/afrimgsm/gen_utils.py#L121,,generate yaml files,Mohammed Mehedi Hasan,,Zhimin Zhao,"No,it should be ""generate config files"" or other similar terms"
cli,https://github.com/EleutherAI/lm-evaluation-harness/blob/9f152e0b89e777a17a21e9207da2ae4c1ea8beec/lm_eval/tasks/afrimmlu/gen_utils.py#L102,,generate language yamls,Mohammed Mehedi Hasan,,Zhimin Zhao,"No,it should be ""generate config files"" or other similar terms"
api,https://github.com/EleutherAI/lm-evaluation-harness/blob/9f152e0b89e777a17a21e9207da2ae4c1ea8beec/lm_eval/tasks/afrobench/mafand/prompt_1/african-english/utils.py#L110,EleutherAI__lm-evaluation-harness/create_reverse_prompt_3,generate translation prompt,Mohammed Mehedi Hasan,,Zhimin Zhao,Yes
api,https://github.com/EleutherAI/lm-evaluation-harness/blob/9f152e0b89e777a17a21e9207da2ae4c1ea8beec/lm_eval/tasks/afrobench/mafand/prompt_1/english-african/utils.py#L110,EleutherAI__lm-evaluation-harness/create_reverse_prompt_3,generate translation prompt,Mohammed Mehedi Hasan,,Zhimin Zhao,Yes
api,https://github.com/EleutherAI/lm-evaluation-harness/blob/9f152e0b89e777a17a21e9207da2ae4c1ea8beec/lm_eval/tasks/afrobench/mafand/prompt_2/african-english/utils.py#L97,EleutherAI__lm-evaluation-harness/create_text_prompt_3,generate translation prompt,Mohammed Mehedi Hasan,,Zhimin Zhao,Yes
api,https://github.com/EleutherAI/lm-evaluation-harness/blob/9f152e0b89e777a17a21e9207da2ae4c1ea8beec/lm_eval/tasks/afrobench/mafand/prompt_2/english-african/utils.py#L57,EleutherAI__lm-evaluation-harness/create_reverse_prompt_1,generate translation prompt,Mohammed Mehedi Hasan,,Zhimin Zhao,Yes
api,https://github.com/EleutherAI/lm-evaluation-harness/blob/9f152e0b89e777a17a21e9207da2ae4c1ea8beec/lm_eval/tasks/afrobench/masakhaner/prompt_4/utils.py#L42,EleutherAI__lm-evaluation-harness/span_f1_agg,calculate span f1 score,Mohammed Mehedi Hasan,,Zhimin Zhao,Yes
api,https://github.com/EleutherAI/lm-evaluation-harness/blob/9f152e0b89e777a17a21e9207da2ae4c1ea8beec/lm_eval/tasks/afrobench/masakhapos/prompt_5/utils.py#L32,EleutherAI__lm-evaluation-harness/acc_score,calculate accuracy score,Mohammed Mehedi Hasan,,Zhimin Zhao,Yes
api,https://github.com/EleutherAI/lm-evaluation-harness/blob/9f152e0b89e777a17a21e9207da2ae4c1ea8beec/lm_eval/tasks/afrobench/xlsum/prompt_1/utils.py#L4,EleutherAI__lm-evaluation-harness/rougeL,return items,Mohammed Mehedi Hasan,,Zhimin Zhao,Yes
api,https://github.com/EleutherAI/lm-evaluation-harness/blob/9f152e0b89e777a17a21e9207da2ae4c1ea8beec/lm_eval/tasks/aradice/boolq/ENG/metrics.py#L4,EleutherAI__lm-evaluation-harness/macro_f1_score,calculate macro f1 score,Mohammed Mehedi Hasan,,Zhimin Zhao,Yes
api,https://github.com/EleutherAI/lm-evaluation-harness/blob/9f152e0b89e777a17a21e9207da2ae4c1ea8beec/lm_eval/tasks/aradice/winogrande/metrics.py#L20,EleutherAI__lm-evaluation-harness/weighted_f1_score,calculate weighted f1 score,Mohammed Mehedi Hasan,,Zhimin Zhao,Yes
api,https://github.com/EleutherAI/lm-evaluation-harness/blob/9f152e0b89e777a17a21e9207da2ae4c1ea8beec/lm_eval/tasks/aradice/winogrande/metrics.py#L4,EleutherAI__lm-evaluation-harness/macro_f1_score,calculate macro f1 score,Mohammed Mehedi Hasan,,Zhimin Zhao,Yes
api,https://github.com/EleutherAI/lm-evaluation-harness/blob/9f152e0b89e777a17a21e9207da2ae4c1ea8beec/lm_eval/tasks/basque_bench/utils.py#L21,EleutherAI__lm-evaluation-harness/paws_process_docs,filter and process documents,Mohammed Mehedi Hasan,,Zhimin Zhao,Yes
api,https://github.com/prometheus-eval/prometheus-eval/blob/dcfb44272d5d0414832f5dbb8c2a05ebc2614234/BiGGen-Bench/run_base_inference.py#L64,prometheus-eval__prometheus-eval/dummy_completions,generate dummy outputs,Mohammed Mehedi Hasan,Yes,Zhimin Zhao,Yes
cli,https://github.com/pykeen/pykeen/blob/42bfa99a17ee489d0d54dc6332d5cc71fc0ded08/benchmarking/benchmark_splitting.py#L185,,benchmark dataset splitting,Mohammed Mehedi Hasan,Yes,Zhimin Zhao,Yes
cli,https://github.com/ray-project/llmperf/blob/f1d6bed47e4501b0e371082b41601b59ab55269f/llm_correctness.py#L288,,measure model correctness,Mohammed Mehedi Hasan,Yes,Zhimin Zhao,Yes
cli,https://github.com/snap-stanford/ogb/blob/61e9784ca76edeaa6e259ba0f836099608ff0586/ogb/io/save_dataset.py#L661,,save dataset,Mohammed Mehedi Hasan,Yes,Zhimin Zhao,Yes
cli,https://github.com/stanford-crfm/helm/blob/68b6aa9a01598aa0d371507c4c7299260eb9c4e6/scripts/cache/copy_cache.py#L140,,copy caches,Mohammed Mehedi Hasan,Yes,Zhimin Zhao,Yes
api,https://github.com/stanford-futuredata/ARES/blob/c7c9018a755faf8347c4da415632bae1593ef104/ares/superglue_filter.py#L4,stanford-futuredata__ARES/superGlueProcess,process dataset,Mohammed Mehedi Hasan,Yes,Zhimin Zhao,Yes
api,https://github.com/stepjam/RLBench/blob/02720bba4c73fe02eb75df946b8791b806028a9d/rlbench/backend/scene.py#L455,stepjam__RLBench/get_observation_config,retrieve observation configuration,Mohammed Mehedi Hasan,Yes,Zhimin Zhao,Yes
api,https://github.com/tatsu-lab/alpaca_eval/blob/f19c323d8309d0d6f306bd26597db44fc6c62d57/src/alpaca_eval/annotators/pairwise_evaluator.py#L66,tatsu-lab__alpaca_eval/annotate_samples,sample and annotate outputs,Mohammed Mehedi Hasan,Yes,Zhimin Zhao,Yes
cli,https://github.com/Unbabel/COMET/blob/49c348dd0ff569c4d7c3f2b7c720fd5696f8de59/comet/cli/mbr.py#L301,,perform mbr decoding,Mohammed Mehedi Hasan,Yes,Zhimin Zhao,Yes
api,https://github.com/understandable-machine-intelligence-lab/Quantus/blob/68a19a1125f98f0f596c12d102fbc15d31515c80/quantus/helpers/model/models.py#L156,understandable-machine-intelligence-lab__Quantus/TitanicSimpleTorchModel,create classification model,Mohammed Mehedi Hasan,Yes,Zhimin Zhao,Yes
api,https://github.com/Vchitect/VBench/blob/d2c30cab5497472af4798bc86f6eb47659381cb4/VBench-2.0/vbench2/dynamic_attribute.py#L83,Vchitect__VBench/compute_dynamic_attribute,load and process data,Mohammed Mehedi Hasan,Yes,Zhimin Zhao,Yes
api,https://github.com/open-compass/VLMEvalKit/blob/50c954aad1d92dab9bf5d23f62576c994b4a675f/vlmeval/api/gpt.py#L11,open-compass__VLMEvalKit/GPT_context_window,check context window size,Shi Chang,Yes,Zhimin Zhao,Yes
api,https://github.com/open-compass/VLMEvalKit/blob/50c954aad1d92dab9bf5d23f62576c994b4a675f/vlmeval/dataset/creation.py#L301,open-compass__VLMEvalKit/is_criteria_valid,validate criteria,Shi Chang,Yes,Zhimin Zhao,Yes
api,https://github.com/open-compass/VLMEvalKit/blob/50c954aad1d92dab9bf5d23f62576c994b4a675f/vlmeval/dataset/Omnidocbench/utils.py#L1685,open-compass__VLMEvalKit/print_aligned_dict,display dictionary content,Shi Chang,Yes,Zhimin Zhao,Yes
cli,https://github.com/open-compass/VLMEvalKit/blob/50c954aad1d92dab9bf5d23f62576c994b4a675f/vlmeval/dataset/utils/ccocr_evaluator/ocr_evaluator.py#L105,,passthrough function,Shi Chang,Yes,Zhimin Zhao,Yes
api,https://github.com/open-compass/VLMEvalKit/blob/50c954aad1d92dab9bf5d23f62576c994b4a675f/vlmeval/dataset/utils/mmif/function_and_compare.py#L128,open-compass__VLMEvalKit/check_whether_each_paragraph_word_count_in_range,validate paragraph word counts,Shi Chang,Yes,Zhimin Zhao,Yes
api,https://github.com/open-compass/VLMEvalKit/blob/50c954aad1d92dab9bf5d23f62576c994b4a675f/vlmeval/dataset/utils/mmif/function_and_compare.py#L158,open-compass__VLMEvalKit/check_whether_whole_response_not_contain_certain_substrings,check substrings absence,Shi Chang,Yes,Zhimin Zhao,Yes
api,https://github.com/open-compass/VLMEvalKit/blob/50c954aad1d92dab9bf5d23f62576c994b4a675f/vlmeval/dataset/utils/tamperbench.py#L218,open-compass__VLMEvalKit/check_ans,compare answer options,Shi Chang,Yes,Zhimin Zhao,Yes
api,https://github.com/open-compass/VLMEvalKit/blob/50c954aad1d92dab9bf5d23f62576c994b4a675f/vlmeval/dataset/utils/vgrpbench/puzzles/aquarium.py#L103,open-compass__VLMEvalKit/get_possible_values,generate possible values,Shi Chang,Yes,Zhimin Zhao,Yes
api,https://github.com/open-compass/VLMEvalKit/blob/50c954aad1d92dab9bf5d23f62576c994b4a675f/vlmeval/dataset/utils/vgrpbench/puzzles/fieldexplore.py#L54,open-compass__VLMEvalKit/get_possible_values,generate possible values,Shi Chang,Yes,Zhimin Zhao,Yes
api,https://github.com/open-compass/VLMEvalKit/blob/50c954aad1d92dab9bf5d23f62576c994b4a675f/vlmeval/dataset/utils/vgrpbench/puzzles/treesandtents.py#L167,open-compass__VLMEvalKit/get_possible_values,generate possible values,Shi Chang,Yes,Zhimin Zhao,Yes
api,https://github.com/open-compass/VLMEvalKit/blob/50c954aad1d92dab9bf5d23f62576c994b4a675f/vlmeval/vlm/ovis/utils/mdp3.py#L262,open-compass__VLMEvalKit/seqdpp_select_fast,select features,Shi Chang,"No, this is subset seleciton not feature",Zhimin Zhao,Yes
cli,https://github.com/openai/evals/blob/cdb8ce9547e68b8e5e4520b6a162294c06865c0f/evals/elsuite/already_said_that/distractors.py#L130,,process distractor samples,Shi Chang,Yes,Zhimin Zhao,Yes
cli,https://github.com/openai/evals/blob/cdb8ce9547e68b8e5e4520b6a162294c06865c0f/evals/elsuite/cant_do_that_anymore/scripts/make_plots.py#L127,,extract and plot results,Shi Chang,Yes,Zhimin Zhao,Yes
cli,https://github.com/openai/evals/blob/cdb8ce9547e68b8e5e4520b6a162294c06865c0f/evals/elsuite/function_deduction/scripts/make_plots.py#L255,,generate performance plots,Shi Chang,Yes,Zhimin Zhao,Yes
cli,https://github.com/openai/evals/blob/cdb8ce9547e68b8e5e4520b6a162294c06865c0f/evals/elsuite/hr_ml_agent_bench/benchmarks/parkinsons_disease/env/train.py#L91,,train randomforest models,Shi Chang,Yes,Zhimin Zhao,Yes
api,https://github.com/openai/evals/blob/cdb8ce9547e68b8e5e4520b6a162294c06865c0f/evals/elsuite/hr_ml_agent_bench/environment.py#L378,openai__evals/print_action,format entries,Shi Chang,Yes,Zhimin Zhao,Yes
cli,https://github.com/openai/evals/blob/cdb8ce9547e68b8e5e4520b6a162294c06865c0f/evals/elsuite/identifying_variables/renderers/corrset.py#L320,,render correlation sets,Shi Chang,Yes,Zhimin Zhao,Yes
cli,https://github.com/openai/evals/blob/cdb8ce9547e68b8e5e4520b6a162294c06865c0f/evals/elsuite/multistep_web_tasks/webarena/browser_env/auto_login.py#L124,,automate website login,Shi Chang,Yes,Zhimin Zhao,Yes
cli,https://github.com/openai/evals/blob/cdb8ce9547e68b8e5e4520b6a162294c06865c0f/evals/elsuite/theory_of_mind/scripts/make_plots.py#L132,,generate accuracy plot,Shi Chang,Yes,Zhimin Zhao,Yes
cli,https://github.com/openai/evals/blob/cdb8ce9547e68b8e5e4520b6a162294c06865c0f/evals/registry/data/mazes/nxn_maze_eval_generator.py#L375,,generate maze examples,Shi Chang,Yes,Zhimin Zhao,Yes
cli,https://github.com/openai/evals/blob/cdb8ce9547e68b8e5e4520b6a162294c06865c0f/evals/registry/data/points_on_line/eval_generator.py#L124,,generate line points,Shi Chang,"No, the main point is more about test generation",Zhimin Zhao,Yes
cli,https://github.com/openai/evals/blob/cdb8ce9547e68b8e5e4520b6a162294c06865c0f/evals/registry/data/poker_analysis/poker_analysis_sample_generator.py#L169,,generate winning probabilities,Shi Chang,"No, the main point is more about training data generation",Zhimin Zhao,Yes
cli,https://github.com/openai/evals/blob/cdb8ce9547e68b8e5e4520b6a162294c06865c0f/evals/registry/data/word_association/corpus_tools/related_words.py#L189,,fetch related words,Shi Chang,Yes,Zhimin Zhao,Yes
api,https://github.com/openai/human-eval/blob/6d43fb980f9fee3c892a914eda09951f772ad10d/human_eval/execution.py#L130,openai__human-eval/read,raise ioerror,Shi Chang,"No? The function itself is a good label, but it is a part of WriteOnlyStringIO class to block invalid read operation",Zhimin Zhao,Yes
api,https://github.com/OpenLMLab/GAOKAO-Bench/blob/6dbb24f8d8439041e5431c4c184a582182a6ce9c/Bench/SUB_score_evaluation.py#L210,OpenLMLab__GAOKAO-Bench/year_sub_score_eval,evaluate yearly scores,Shi Chang,Yes,Zhimin Zhao,Yes
cli,https://github.com/OpenLMLab/GAOKAO-Bench/blob/6dbb24f8d8439041e5431c4c184a582182a6ce9c/Models/openai_gpt4.py#L80,,generate chat completions,Shi Chang,Yes,Zhimin Zhao,Yes
cli,https://github.com/prometheus-eval/prometheus-eval/blob/dcfb44272d5d0414832f5dbb8c2a05ebc2614234/eval/llms/vllm_utils.py#L130,,generate model completions,Shi Chang,"No, the main point should be AI response evaluation",Zhimin Zhao,Yes
cli,https://github.com/pykeen/pykeen/blob/42bfa99a17ee489d0d54dc6332d5cc71fc0ded08/src/pykeen/datasets/cskg.py#L67,,load commonsense knowledge graph,Shi Chang,Yes,Zhimin Zhao,Yes
cli,https://github.com/pykeen/pykeen/blob/42bfa99a17ee489d0d54dc6332d5cc71fc0ded08/src/pykeen/datasets/hetionet.py#L71,,load dataset,Shi Chang,Yes,Zhimin Zhao,Yes
cli,https://github.com/pykeen/pykeen/blob/42bfa99a17ee489d0d54dc6332d5cc71fc0ded08/src/pykeen/datasets/inductive/ilp_teru.py#L248,,load inductive datasets,Shi Chang,Yes,Zhimin Zhao,Yes
api,https://github.com/stanford-crfm/helm/blob/68b6aa9a01598aa0d371507c4c7299260eb9c4e6/src/helm/common/mongo_key_value_store.py#L78,stanford-crfm__helm/multi_put,store multiple pairs,Xiang Chen,,Zhimin Zhao,Yes
api,https://github.com/stanford-crfm/helm/blob/68b6aa9a01598aa0d371507c4c7299260eb9c4e6/src/helm/tokenizers/yalm_tokenizer_data/yalm_tokenizer.py#L111,stanford-crfm__helm/get_tokens,retrieve vocabulary,Xiang Chen,,Zhimin Zhao,Yes
api,https://github.com/stanford-futuredata/ARES/blob/c7c9018a755faf8347c4da415632bae1593ef104/ares/RAG_Automatic_Evaluation/ppi.py#L110,stanford-futuredata__ARES/pp_ols_interval,calculate confidence interval,Xiang Chen,,Zhimin Zhao,Yes
api,https://github.com/truera/trulens/blob/57df4120d19dd1a0b59efc6cccb0de205ac403e0/src/connectors/snowflake/trulens/connectors/snowflake/dao/sql_utils.py#L34,truera__trulens/double_quote_identifier,add double quotes,Xiang Chen,,Zhimin Zhao,Yes
api,https://github.com/truera/trulens/blob/57df4120d19dd1a0b59efc6cccb0de205ac403e0/src/core/trulens/core/database/sqlalchemy.py#L1389,truera__trulens/insert_ground_truth,insert ground truth,Xiang Chen,,Zhimin Zhao,Yes
api,https://github.com/truera/trulens/blob/57df4120d19dd1a0b59efc6cccb0de205ac403e0/src/core/trulens/core/feedback/feedback.py#L1318,truera__trulens/extract_selection,extract record values,Xiang Chen,,Zhimin Zhao,Yes
api,https://github.com/truera/trulens/blob/57df4120d19dd1a0b59efc6cccb0de205ac403e0/src/core/trulens/core/schema/app.py#L210,truera__trulens/continue_session,continue session,Xiang Chen,,Zhimin Zhao,Yes
cli,https://github.com/truera/trulens/blob/57df4120d19dd1a0b59efc6cccb0de205ac403e0/src/dashboard/trulens/dashboard/pages/Compare.py#L827,,render app comparison,Xiang Chen,,Zhimin Zhao,Yes
api,https://github.com/truera/trulens/blob/57df4120d19dd1a0b59efc6cccb0de205ac403e0/src/feedback/trulens/feedback/feedback.py#L12,truera__trulens/rag_triad,generate feedback triad,Xiang Chen,,Zhimin Zhao,Yes
api,https://github.com/truera/trulens/blob/57df4120d19dd1a0b59efc6cccb0de205ac403e0/src/feedback/trulens/feedback/v2/feedback.py#L1019,truera__trulens/of_langchain_llm,extract model information,Xiang Chen,,Zhimin Zhao,Yes
cli,https://github.com/truera/trulens/blob/57df4120d19dd1a0b59efc6cccb0de205ac403e0/src/hotspots/trulens/hotspots/hotspots_streamlit.py#L194,,display hotspots,Xiang Chen,,Zhimin Zhao,Yes
api,https://github.com/Unbabel/COMET/blob/49c348dd0ff569c4d7c3f2b7c720fd5696f8de59/comet/models/predict_pbar.py#L24,Unbabel__COMET/init_predict_tqdm,create progress bar,Xiang Chen,,Zhimin Zhao,Yes
api,https://github.com/Unbabel/COMET/blob/49c348dd0ff569c4d7c3f2b7c720fd5696f8de59/comet/models/utils.py#L88,Unbabel__COMET/setdefault,raise exception,Xiang Chen,,Zhimin Zhao,Yes
api,https://github.com/Unbabel/COMET/blob/49c348dd0ff569c4d7c3f2b7c720fd5696f8de59/docs/source/conf.py#L97,Unbabel__COMET/setup,prepare data,Xiang Chen,,Zhimin Zhao,Yes
api,https://github.com/understandable-machine-intelligence-lab/Quantus/blob/68a19a1125f98f0f596c12d102fbc15d31515c80/quantus/metrics/base.py#L788,understandable-machine-intelligence-lab__Quantus/interpret_scores,display score interpretation,Xiang Chen,,Zhimin Zhao,Yes
api,https://github.com/Vchitect/VBench/blob/d2c30cab5497472af4798bc86f6eb47659381cb4/VBench-2.0/vbench2/complex_landscape.py#L153,Vchitect__VBench/compute_complex_landscape,load and initialize models,Xiang Chen,,Zhimin Zhao,Yes
api,https://github.com/Vchitect/VBench/blob/d2c30cab5497472af4798bc86f6eb47659381cb4/VBench-2.0/vbench2/human_anatomy.py#L18,Vchitect__VBench/compute_human_anatomy,calculate abnormality,Xiang Chen,,Zhimin Zhao,Yes
cli,https://github.com/Vchitect/VBench/blob/d2c30cab5497472af4798bc86f6eb47659381cb4/VBench-2.0/vbench2/third_party/arcface/utils/view_model.py#L101,,visualize model,Xiang Chen,,Zhimin Zhao,Yes
api,https://github.com/Vchitect/VBench/blob/d2c30cab5497472af4798bc86f6eb47659381cb4/VBench-2.0/vbench2/third_party/cotracker/models/core/cotracker/losses.py#L14,Vchitect__VBench/sequence_loss,calculate sequence flow loss,Xiang Chen,,Zhimin Zhao,Yes
api,https://github.com/Vchitect/VBench/blob/d2c30cab5497472af4798bc86f6eb47659381cb4/VBench-2.0/vbench2/third_party/cotracker/utils/train_utils.py#L21,Vchitect__VBench/sig_handler,handle signal requeue,Xiang Chen,,Zhimin Zhao,Yes
api,https://github.com/Vchitect/VBench/blob/d2c30cab5497472af4798bc86f6eb47659381cb4/VBench-2.0/vbench2/third_party/cotracker/utils/visualizer.py#L19,Vchitect__VBench/read_video_from_path,load video frames,Xiang Chen,,Zhimin Zhao,Yes
api,https://github.com/Vchitect/VBench/blob/d2c30cab5497472af4798bc86f6eb47659381cb4/VBench-2.0/vbench2/third_party/Dense_match/utils_function.py#L94,Vchitect__VBench/read_csv_files,load csv files,Xiang Chen,,Zhimin Zhao,Yes
api,https://github.com/Vchitect/VBench/blob/d2c30cab5497472af4798bc86f6eb47659381cb4/VBench-2.0/vbench2/third_party/LLaVA_NeXT/llava/model/multimodal_encoder/dev_eva_clip/eva_clip/factory.py#L62,Vchitect__VBench/add_model_config,add model configuration,Xiang Chen,,Zhimin Zhao,Yes
cli,https://github.com/Vchitect/VBench/blob/d2c30cab5497472af4798bc86f6eb47659381cb4/VBench-2.0/vbench2/third_party/LLaVA_NeXT/llava/serve/gradio_web_server.py#L425,,serve multimodal chatbot,Xiang Chen,,Zhimin Zhao,Yes
api,https://github.com/Vchitect/VBench/blob/d2c30cab5497472af4798bc86f6eb47659381cb4/VBench-2.0/vbench2/third_party/LLaVA_NeXT/llava/utils.py#L48,Vchitect__VBench/process_video_with_pyav,extract and sample video frames,Xiang Chen,,Zhimin Zhao,Yes
cli,https://github.com/Vchitect/VBench/blob/d2c30cab5497472af4798bc86f6eb47659381cb4/VBench-2.0/vbench2/third_party/LLaVA_NeXT/scripts/archived/quick_check.py#L46,,check missing images,Xiang Chen,,Zhimin Zhao,Yes
api,https://github.com/Vchitect/VBench/blob/d2c30cab5497472af4798bc86f6eb47659381cb4/VBench-2.0/vbench2/third_party/LLaVA_NeXT/trl/core.py#L138,Vchitect__VBench/whiten,apply whitening,Xiang Chen,,Zhimin Zhao,Yes
api,https://github.com/Vchitect/VBench/blob/d2c30cab5497472af4798bc86f6eb47659381cb4/VBench-2.0/vbench2/third_party/LLaVA_NeXT/trl/environment/base_environment.py#L142,Vchitect__VBench/show_text,display text,Xiang Chen,,Zhimin Zhao,Yes
api,https://github.com/Vchitect/VBench/blob/d2c30cab5497472af4798bc86f6eb47659381cb4/VBench-2.0/vbench2/third_party/LLaVA_NeXT/trl/environment/base_environment.py#L164,Vchitect__VBench/show_tokens,display tokens,Xiang Chen,,Zhimin Zhao,Yes
api,https://github.com/EvolvingLMMs-Lab/lmms-eval/blob/c4a31289c56a673aba99d2015a1db1decf5308e7/lmms_eval/tasks/coco_cap/utils.py#L136,EvolvingLMMs-Lab__lmms-eval/coco_bleu2,calculate bleu-2 score,Yinghang Ma,Yes,Zhimin Zhao,Yes
cli,https://github.com/Vchitect/VBench/blob/d2c30cab5497472af4798bc86f6eb47659381cb4/VBench-2.0/vbench2/third_party/ViTDetector/inference.py#L424,,detect abnormality,Yinghang Ma,Yes,Zhimin Zhao,Yes
cli,https://github.com/Vchitect/VBench/blob/d2c30cab5497472af4798bc86f6eb47659381cb4/VBench-2.0/vbench2/third_party/ViTDetector/third_party/YOLO-World/deploy/easydeploy/tools/build_engine.py#L134,,build tensorrt engine,Yinghang Ma,Yes,Zhimin Zhao,Yes
cli,https://github.com/Vchitect/VBench/blob/d2c30cab5497472af4798bc86f6eb47659381cb4/VBench-2.0/vbench2/third_party/ViTDetector/third_party/YOLO-World/deploy/easydeploy/tools/export_onnx.py#L156,,export onnx,Yinghang Ma,Yes,Zhimin Zhao,Yes
api,https://github.com/Vchitect/VBench/blob/d2c30cab5497472af4798bc86f6eb47659381cb4/VBench-2.0/vbench2/third_party/ViTDetector/third_party/YOLO-World/mmyolo/mmyolo/engine/hooks/yolox_mode_switch_hook.py#L31,Vchitect__VBench/before_train_epoch,switch pipeline,Yinghang Ma,Yes,Zhimin Zhao,Yes
cli,https://github.com/Vchitect/VBench/blob/d2c30cab5497472af4798bc86f6eb47659381cb4/VBench-2.0/vbench2/third_party/ViTDetector/third_party/YOLO-World/mmyolo/tools/analysis_tools/benchmark.py#L187,,measure inference speed,Yinghang Ma,Yes,Zhimin Zhao,Yes
cli,https://github.com/Vchitect/VBench/blob/d2c30cab5497472af4798bc86f6eb47659381cb4/VBench-2.0/vbench2/third_party/ViTDetector/third_party/YOLO-World/mmyolo/tools/analysis_tools/browse_dataset_simple.py#L88,,visualize dataset,Yinghang Ma,Yes,Zhimin Zhao,Yes
api,https://github.com/Vchitect/VBench/blob/d2c30cab5497472af4798bc86f6eb47659381cb4/VBench-2.0/vbench2/third_party/ViTDetector/third_party/YOLO-World/mmyolo/tools/analysis_tools/vis_scheduler.py#L106,Vchitect__VBench/train_step,passthrough function,Yinghang Ma,"No, the train_step is an empty implementation (pass) and does not do any forward, backward or optimizer updates.",Zhimin Zhao,Yes
cli,https://github.com/Vchitect/VBench/blob/d2c30cab5497472af4798bc86f6eb47659381cb4/VBench-2.0/vbench2/third_party/ViTDetector/third_party/YOLO-World/mmyolo/tools/misc/download_dataset.py#L111,,download datasets,Yinghang Ma,Yes,Zhimin Zhao,Yes
cli,https://github.com/Vchitect/VBench/blob/d2c30cab5497472af4798bc86f6eb47659381cb4/VBench-2.0/vbench2/third_party/ViTDetector/third_party/YOLO-World/mmyolo/tools/model_converters/convert_kd_ckpt_to_student.py#L53,,convert kd checkpoint,Yinghang Ma,Yes,Zhimin Zhao,Yes
cli,https://github.com/Vchitect/VBench/blob/d2c30cab5497472af4798bc86f6eb47659381cb4/VBench-2.0/vbench2/third_party/ViTDetector/third_party/YOLO-World/mmyolo/tools/model_converters/yolov6_v3_to_mmyolo.py#L144,,convert model keys,Yinghang Ma,Yes,Zhimin Zhao,Yes
api,https://github.com/Vchitect/VBench/blob/d2c30cab5497472af4798bc86f6eb47659381cb4/VBench-2.0/vbench2/third_party/YOLO-World/mmyolo/mmyolo/engine/hooks/yolox_mode_switch_hook.py#L31,Vchitect__VBench/before_train_epoch,switch pipeline,Yinghang Ma,Yes,Zhimin Zhao,Yes
cli,https://github.com/Vchitect/VBench/blob/d2c30cab5497472af4798bc86f6eb47659381cb4/VBench-2.0/vbench2/third_party/YOLO-World/mmyolo/mmyolo/utils/collect_env.py#L19,,collect environment information,Yinghang Ma,Yes,Zhimin Zhao,Yes
cli,https://github.com/Vchitect/VBench/blob/d2c30cab5497472af4798bc86f6eb47659381cb4/VBench-2.0/vbench2/third_party/YOLO-World/mmyolo/tools/analysis_tools/optimize_anchors.py#L646,,optimize anchors,Yinghang Ma,Yes,Zhimin Zhao,Yes
api,https://github.com/Vchitect/VBench/blob/d2c30cab5497472af4798bc86f6eb47659381cb4/VBench-2.0/vbench2/third_party/YOLO-World/mmyolo/tools/analysis_tools/vis_scheduler.py#L106,Vchitect__VBench/train_step,passthrough function,Yinghang Ma,Yes,Zhimin Zhao,Yes
cli,https://github.com/Vchitect/VBench/blob/d2c30cab5497472af4798bc86f6eb47659381cb4/VBench-2.0/vbench2/third_party/YOLO-World/mmyolo/tools/misc/print_config.py#L58,,parse and save configuration,Yinghang Ma,"No? The function is print, parse and save config.",Zhimin Zhao,Yes
cli,https://github.com/Vchitect/VBench/blob/d2c30cab5497472af4798bc86f6eb47659381cb4/VBench-2.0/vbench2/third_party/YOLO-World/mmyolo/tools/model_converters/rtmdet_to_mmyolo.py#L60,,convert model keys,Yinghang Ma,Yes,Zhimin Zhao,Yes
cli,https://github.com/Vchitect/VBench/blob/d2c30cab5497472af4798bc86f6eb47659381cb4/VBench-2.0/vbench2/third_party/YOLO-World/mmyolo/tools/model_converters/yolov6_to_mmyolo.py#L114,,convert model keys,Yinghang Ma,Yes,Zhimin Zhao,Yes
cli,https://github.com/Vchitect/VBench/blob/d2c30cab5497472af4798bc86f6eb47659381cb4/VBench-2.0/vbench2/third_party/YOLO-World/mmyolo/tools/model_converters/yolov8_to_mmyolo.py#L101,,convert model keys,Yinghang Ma,Yes,Zhimin Zhao,Yes
cli,https://github.com/Vchitect/VBench/blob/d2c30cab5497472af4798bc86f6eb47659381cb4/VBench-2.0/vbench2/third_party/YOLO-World/mmyolo/tools/train.py#L122,,train detector,Yinghang Ma,Yes,Zhimin Zhao,Yes
cli,https://github.com/Vchitect/VBench/blob/d2c30cab5497472af4798bc86f6eb47659381cb4/VBench-2.0/vbench2/third_party/YOLO-World/tools/train.py#L119,,train detector,Yinghang Ma,Yes,Zhimin Zhao,Yes
api,https://github.com/Vchitect/VBench/blob/d2c30cab5497472af4798bc86f6eb47659381cb4/VBench-2.0/vbench2/utils.py#L242,Vchitect__VBench/clone_model,clone repository,Yinghang Ma,Yes,Zhimin Zhao,Yes
api,https://github.com/Vchitect/VBench/blob/d2c30cab5497472af4798bc86f6eb47659381cb4/vbench/third_party/amt/metrics/psnr_ssim.py#L138,Vchitect__VBench/calculate_ie,compute image difference,Yinghang Ma,Yes,Zhimin Zhao,Yes
api,https://github.com/Vchitect/VBench/blob/d2c30cab5497472af4798bc86f6eb47659381cb4/vbench/third_party/RAFT/core/utils_core/flow_viz.py#L109,Vchitect__VBench/flow_to_image,generate flow visualization,Yinghang Ma,Yes,Zhimin Zhao,Yes
api,https://github.com/Vchitect/VBench/blob/d2c30cab5497472af4798bc86f6eb47659381cb4/vbench/third_party/umt/models/modeling_pretrain_umt.py#L97,Vchitect__VBench/get_classifier,return classifier,Yinghang Ma,Yes,Zhimin Zhao,Yes
api,https://github.com/Vchitect/VBench/blob/d2c30cab5497472af4798bc86f6eb47659381cb4/vbench/third_party/ViCLIP/viclip_text.py#L243,Vchitect__VBench/clip_text_l14_336,unimplemented function,Yinghang Ma,Yes,Zhimin Zhao,Yes
cli,https://github.com/Vchitect/VBench/blob/d2c30cab5497472af4798bc86f6eb47659381cb4/vbench2_beta_long/eval_long.py#L282,,execute video evaluation,Yinghang Ma,Yes,Zhimin Zhao,Yes
api,https://github.com/Vchitect/VBench/blob/d2c30cab5497472af4798bc86f6eb47659381cb4/vbench2_beta_long/overall_consistency.py#L4,Vchitect__VBench/compute_long_overall_consistency,calculate and reorganize consistency,Yinghang Ma,Yes,Zhimin Zhao,Yes
api,https://github.com/Vchitect/VBench/blob/d2c30cab5497472af4798bc86f6eb47659381cb4/vbench2_beta_trustworthiness/culture_fairness.py#L80,Vchitect__VBench/compute_culture_fairness,compute culture fairness,Yinghang Ma,Yes,Zhimin Zhao,Yes
api,https://github.com/microsoft/promptbench/blob/fcda538bd779ad11612818e0645a387a462b5c3b/promptbench/prompteval/efficient_eval.py#L149,microsoft__promptbench/efficient_eval,evaluate model performance,Yiping Jia,,Zhimin Zhao,Yes
api,https://github.com/mir-evaluation/mir_eval/blob/8db0b3812e2032544c1fc00d02d4256cab043f3d/mir_eval/transcription.py#L785,mir-evaluation__mir_eval/evaluate,calculate metrics,Yiping Jia,,Zhimin Zhao,Yes
api,https://github.com/mlcommons/inference/blob/cc7d6d8eabc5cc60f8b2e540f25f1edd2a9f6cd3/graph/R-GAT/dataset.py#L24,mlcommons__inference/get_list,unimplemented function,Yiping Jia,,Zhimin Zhao,Yes
cli,https://github.com/mlcommons/inference/blob/cc7d6d8eabc5cc60f8b2e540f25f1edd2a9f6cd3/graph/R-GAT/main.py#L504,,run benchmark,Yiping Jia,,Zhimin Zhao,Yes
cli,https://github.com/mlcommons/inference/blob/cc7d6d8eabc5cc60f8b2e540f25f1edd2a9f6cd3/language/gpt-j/prepare-calibration.py#L67,,generate calibration data,Yiping Jia,,Zhimin Zhao,Yes
api,https://github.com/mlcommons/inference/blob/cc7d6d8eabc5cc60f8b2e540f25f1edd2a9f6cd3/language/llama2-70b/SUT_API.py#L322,mlcommons__inference/get_qsl,retrieve qsl,Yiping Jia,,Zhimin Zhao,Yes
api,https://github.com/mlcommons/inference/blob/cc7d6d8eabc5cc60f8b2e540f25f1edd2a9f6cd3/language/llama2-70b/SUT.py#L304,mlcommons__inference/get_qsl,retrieve qsl,Yiping Jia,,Zhimin Zhao,Yes
cli,https://github.com/mlcommons/inference/blob/cc7d6d8eabc5cc60f8b2e540f25f1edd2a9f6cd3/language/mixtral-8x7b/main.py#L162,,run benchmark,Yiping Jia,,Zhimin Zhao,Yes
api,https://github.com/mlcommons/inference/blob/cc7d6d8eabc5cc60f8b2e540f25f1edd2a9f6cd3/main.py#L1,mlcommons__inference/define_env,generate run commands,Yiping Jia,,Zhimin Zhao,Yes
api,https://github.com/mlcommons/inference/blob/cc7d6d8eabc5cc60f8b2e540f25f1edd2a9f6cd3/recommendation/dlrm_v2/pytorch/setup.py#L36,mlcommons__inference/initialize_options,passthrough function,Yiping Jia,,Zhimin Zhao,Yes
cli,https://github.com/mlcommons/inference/blob/cc7d6d8eabc5cc60f8b2e540f25f1edd2a9f6cd3/recommendation/dlrm_v2/pytorch/tools/quickgen.py#L33,,generate random samples,Yiping Jia,,Zhimin Zhao,Yes
api,https://github.com/mlcommons/inference/blob/cc7d6d8eabc5cc60f8b2e540f25f1edd2a9f6cd3/tools/submission/truncate_accuracy_log.py#L87,mlcommons__inference/split_path,normalize and split path,Yiping Jia,,Zhimin Zhao,Yes
api,https://github.com/mlcommons/inference/blob/cc7d6d8eabc5cc60f8b2e540f25f1edd2a9f6cd3/vision/classification_and_detection/python/models/base_model_r34.py#L104,mlcommons__inference/tailor_module,load and transfer weights,Yiping Jia,,Zhimin Zhao,Yes
cli,https://github.com/mlcommons/inference/blob/cc7d6d8eabc5cc60f8b2e540f25f1edd2a9f6cd3/vision/classification_and_detection/tools/retinanet_pytorch_to_onnx.py#L31,,export onnx model,Yiping Jia,,Zhimin Zhao,Yes
cli,https://github.com/mlcommons/inference/blob/cc7d6d8eabc5cc60f8b2e540f25f1edd2a9f6cd3/vision/medical_imaging/3d-unet-kits19/unet_onnx_to_tensorflow.py#L98,,convert onnx,Yiping Jia,,Zhimin Zhao,Yes
cli,https://github.com/mlcommons/inference/blob/cc7d6d8eabc5cc60f8b2e540f25f1edd2a9f6cd3/vision/medical_imaging/3d-unet-kits19/unet_pytorch_to_onnx.py#L150,,convert pytorch model,Yiping Jia,,Zhimin Zhao,Yes
api,https://github.com/modelscope/evalscope/blob/2a49bccc14f69b9a3464f16d4672823a0a7bcb98/evalscope/benchmarks/ifeval/instructions.py#L345,modelscope__evalscope/get_instruction_args_keys,unimplemented function,Yiping Jia,,Zhimin Zhao,Yes
api,https://github.com/modelscope/evalscope/blob/2a49bccc14f69b9a3464f16d4672823a0a7bcb98/evalscope/metrics/t2v_metrics/models/vqascore_models/lavis/common/registry.py#L223,modelscope__evalscope/get_task_class,retrieve task class,Yiping Jia,,Zhimin Zhao,Yes
api,https://github.com/modelscope/evalscope/blob/2a49bccc14f69b9a3464f16d4672823a0a7bcb98/evalscope/metrics/t2v_metrics/models/vqascore_models/lavis/models/med.py#L1017,modelscope__evalscope/get_output_embeddings,retrieve output embeddings,Yiping Jia,,Zhimin Zhao,Yes
api,https://github.com/modelscope/evalscope/blob/2a49bccc14f69b9a3464f16d4672823a0a7bcb98/evalscope/metrics/t2v_metrics/score.py#L52,modelscope__evalscope/batch_forward,compute similarity scores,Yiping Jia,,Zhimin Zhao,Yes
cli,https://github.com/modelscope/evalscope/blob/2a49bccc14f69b9a3464f16d4672823a0a7bcb98/evalscope/third_party/longbench_write/tools/data_etl.py#L143,,filter dataset,Yiping Jia,,Zhimin Zhao,Yes
cli,https://github.com/modelscope/evalscope/blob/2a49bccc14f69b9a3464f16d4672823a0a7bcb98/setup.py#L118,,parse requirements,Yiping Jia,,Zhimin Zhao,Yes
api,https://github.com/open-compass/OpenCompass/blob/8379c4bca0e19aab4059a0eb7a739fa58f3b2759/opencompass/datasets/agieval/dataset_loader.py#L330,open-compass__OpenCompass/generate_second_stage_input,generate input,Yiping Jia,,Zhimin Zhao,Yes
api,https://github.com/open-compass/OpenCompass/blob/8379c4bca0e19aab4059a0eb7a739fa58f3b2759/opencompass/datasets/korbench/korbench_dataset_config/config_wrapper.py#L35,open-compass__OpenCompass/print_all_keys,display all keys,Yiping Jia,,Zhimin Zhao,Yes
api,https://github.com/open-compass/OpenCompass/blob/8379c4bca0e19aab4059a0eb7a739fa58f3b2759/opencompass/datasets/korbench/korbench_utils.py#L65,open-compass__OpenCompass/load_split_data,load data files,Yiping Jia,,Zhimin Zhao,Yes
api,https://github.com/open-compass/OpenCompass/blob/8379c4bca0e19aab4059a0eb7a739fa58f3b2759/opencompass/datasets/lawbench/utils/char_smi.py#L131,open-compass__OpenCompass/shape_distance,calculate shape distance,Yiping Jia,,Zhimin Zhao,Yes
api,https://github.com/open-compass/OpenCompass/blob/8379c4bca0e19aab4059a0eb7a739fa58f3b2759/opencompass/datasets/phybench/latex_pre_process.py#L28,open-compass__OpenCompass/remove_non_ascii,remove non-ascii,Yiping Jia,,Zhimin Zhao,Yes
api,https://github.com/open-compass/OpenCompass/blob/8379c4bca0e19aab4059a0eb7a739fa58f3b2759/opencompass/datasets/teval/utils/template.py#L5,open-compass__OpenCompass/format_string,format string,Yiping Jia,,Zhimin Zhao,Yes
api,https://github.com/open-compass/OpenCompass/blob/8379c4bca0e19aab4059a0eb7a739fa58f3b2759/opencompass/models/yayi_api.py#L31,open-compass__OpenCompass/get_current_time,return time,Yiping Jia,,Zhimin Zhao,Yes
cli,https://github.com/open-compass/VLMEvalKit/blob/50c954aad1d92dab9bf5d23f62576c994b4a675f/setup.py#L121,,parse requirements,Yiping Jia,,Zhimin Zhao,Yes
api,https://github.com/EleutherAI/lm-evaluation-harness/blob/9f152e0b89e777a17a21e9207da2ae4c1ea8beec/lm_eval/tasks/basque_bench/utils.py#L6,EleutherAI__lm-evaluation-harness/xcopa_doc_to_text,concatenate text,Yu Shi,Yes,Zhimin Zhao,Yes
api,https://github.com/EleutherAI/lm-evaluation-harness/blob/9f152e0b89e777a17a21e9207da2ae4c1ea8beec/lm_eval/tasks/basqueglue/utils.py#L22,EleutherAI__lm-evaluation-harness/process_wic_docs,transform and encode sentences,Yu Shi,Yes,Zhimin Zhao,Yes
api,https://github.com/EleutherAI/lm-evaluation-harness/blob/9f152e0b89e777a17a21e9207da2ae4c1ea8beec/lm_eval/tasks/bbq/utils.py#L42,EleutherAI__lm-evaluation-harness/agg_accuracy_disamb,calculate accuracy,Yu Shi,Yes,Zhimin Zhao,Yes
cli,https://github.com/EleutherAI/lm-evaluation-harness/blob/9f152e0b89e777a17a21e9207da2ae4c1ea8beec/lm_eval/tasks/bigbench/generate_tasks.py#L229,,generate yaml configs,Yu Shi,Yes,Zhimin Zhao,Yes
api,https://github.com/EleutherAI/lm-evaluation-harness/blob/9f152e0b89e777a17a21e9207da2ae4c1ea8beec/lm_eval/tasks/catalan_bench/utils.py#L14,EleutherAI__lm-evaluation-harness/process_doc_nli,clean and format text,Yu Shi,Yes,Zhimin Zhao,Yes
api,https://github.com/EleutherAI/lm-evaluation-harness/blob/9f152e0b89e777a17a21e9207da2ae4c1ea8beec/lm_eval/tasks/code_x_glue/code-text/bleu.py#L222,EleutherAI__lm-evaluation-harness/smoothed_bleu_4,calculate bleu score,Yu Shi,Yes,Zhimin Zhao,Yes
api,https://github.com/EleutherAI/lm-evaluation-harness/blob/9f152e0b89e777a17a21e9207da2ae4c1ea8beec/lm_eval/tasks/darija_bench/darija_summarization/utils.py#L31,EleutherAI__lm-evaluation-harness/darijabert,calculate bert score,Yu Shi,Yes,Zhimin Zhao,Yes
api,https://github.com/EleutherAI/lm-evaluation-harness/blob/9f152e0b89e777a17a21e9207da2ae4c1ea8beec/lm_eval/tasks/darija_bench/darija_translation/utils.py#L115,EleutherAI__lm-evaluation-harness/mbert,calculate bert score,Yu Shi,Yes,Zhimin Zhao,Yes
cli,https://github.com/EleutherAI/lm-evaluation-harness/blob/9f152e0b89e777a17a21e9207da2ae4c1ea8beec/lm_eval/tasks/eus_exams/configs.py#L66,,generate config yamls,Yu Shi,Yes,Zhimin Zhao,Yes
api,https://github.com/EleutherAI/lm-evaluation-harness/blob/9f152e0b89e777a17a21e9207da2ae4c1ea8beec/lm_eval/tasks/evalita_llm/sum_utils.py#L7,EleutherAI__lm-evaluation-harness/rouge1_score,calculate rouge-1 score,Yu Shi,Yes,Zhimin Zhao,Yes
api,https://github.com/EleutherAI/lm-evaluation-harness/blob/9f152e0b89e777a17a21e9207da2ae4c1ea8beec/lm_eval/tasks/glianorex/preprocess_glianorex.py#L19,EleutherAI__lm-evaluation-harness/filter_french,filter french data,Yu Shi,Yes,Zhimin Zhao,Yes
api,https://github.com/EleutherAI/lm-evaluation-harness/blob/9f152e0b89e777a17a21e9207da2ae4c1ea8beec/lm_eval/tasks/hrm8k/en/utils.py#L14,EleutherAI__lm-evaluation-harness/doc_to_text_mmmlu,generate qa prompt text,Yu Shi,Yes,Zhimin Zhao,Yes
api,https://github.com/EleutherAI/lm-evaluation-harness/blob/9f152e0b89e777a17a21e9207da2ae4c1ea8beec/lm_eval/tasks/lingoly/utils.py#L77,EleutherAI__lm-evaluation-harness/load_all_questions,load questions,Yu Shi,Yes,Zhimin Zhao,Yes
cli,https://github.com/EleutherAI/lm-evaluation-harness/blob/9f152e0b89e777a17a21e9207da2ae4c1ea8beec/lm_eval/tasks/mgsm/utils.py#L227,,generate language yamls,Yu Shi,Yes,Zhimin Zhao,Yes
cli,https://github.com/EleutherAI/lm-evaluation-harness/blob/9f152e0b89e777a17a21e9207da2ae4c1ea8beec/lm_eval/tasks/mlqa/generate_tasks.py#L47,,generate task yamls,Yu Shi,Yes,Zhimin Zhao,Yes
api,https://github.com/EleutherAI/lm-evaluation-harness/blob/9f152e0b89e777a17a21e9207da2ae4c1ea8beec/lm_eval/tasks/realtoxicityprompts/metric.py#L12,EleutherAI__lm-evaluation-harness/toxicity_perspective_api,calculate toxicity score,Yu Shi,Yes,Zhimin Zhao,Yes
cli,https://github.com/EleutherAI/lm-evaluation-harness/blob/9f152e0b89e777a17a21e9207da2ae4c1ea8beec/lm_eval/tasks/spanish_bench/flores_es/create_yamls_flores_es.py#L331,,generate translation yamls,Yu Shi,Yes,Zhimin Zhao,Yes
api,https://github.com/EleutherAI/lm-evaluation-harness/blob/9f152e0b89e777a17a21e9207da2ae4c1ea8beec/lm_eval/tasks/spanish_bench/utils.py#L14,EleutherAI__lm-evaluation-harness/process_doc_nli,clean and format text,Yu Shi,Yes,Zhimin Zhao,Yes
api,https://github.com/Farama-Foundation/Metaworld/blob/cdafedfaaa896472fb7e76e2fe103e120b67a9b6/metaworld/policies/sawyer_button_press_topdown_v3_policy.py#L23,Farama-Foundation__Metaworld/get_action,generate action,Yu Shi,Yes,Zhimin Zhao,Yes
api,https://github.com/Giskard-AI/giskard/blob/6808a562cc1c565e6cf88aeb1fd1f77d28fe76ba/giskard/core/suite.py#L237,Giskard-AI__giskard/to_junit,generate junit xml,Yu Shi,Yes,Zhimin Zhao,Yes
cli,https://github.com/google-deepmind/meltingpot/blob/f280a35a4ffe5a7613b5c4a062a66fd18c64876c/meltingpot/human_players/play_boat_race.py#L97,,run boat race,Yu Shi,Yes,Zhimin Zhao,Yes
cli,https://github.com/huggingface/evaluate/blob/5aa3982a9a8c86e506860e381d428a64b0cce73b/metrics/super_glue/record_evaluation.py#L86,,evaluate prediction accuracy,Yu Shi,Yes,Zhimin Zhao,Yes
api,https://github.com/microsoft/promptbench/blob/fcda538bd779ad11612818e0645a387a462b5c3b/promptbench/dyval/dyval_utils.py#L23,microsoft__promptbench/dyval_evaluate,evaluate prediction accuracy,Yu Shi,Yes,Zhimin Zhao,Yes
api,https://github.com/mir-evaluation/mir_eval/blob/8db0b3812e2032544c1fc00d02d4256cab043f3d/mir_eval/io.py#L123,mir-evaluation__mir_eval/load_events,load event times,Yu Shi,Yes,Zhimin Zhao,Yes
api,https://github.com/modelscope/evalscope/blob/2a49bccc14f69b9a3464f16d4672823a0a7bcb98/evalscope/metrics/t2v_metrics/models/itmscore_models/image_reward/ImageReward.py#L76,modelscope__evalscope/score_gard,compute reward,Yu Shi,Yes,Zhimin Zhao,Yes
api,https://github.com/OpenLMLab/GAOKAO-Bench/blob/6dbb24f8d8439041e5431c4c184a582182a6ce9c/Bench/bench_function.py#L16,OpenLMLab__GAOKAO-Bench/get_api_key,retrieve api keys,Yu Shi,Yes,Zhimin Zhao,Yes
cli,https://github.com/prometheus-eval/prometheus-eval/blob/dcfb44272d5d0414832f5dbb8c2a05ebc2614234/BiGGen-Bench/run_chat_inference.py#L99,,generate model completions,Yu Shi,Yes,Zhimin Zhao,Yes
cli,https://github.com/pykeen/pykeen/blob/42bfa99a17ee489d0d54dc6332d5cc71fc0ded08/src/pykeen/datasets/conceptnet.py#L70,,load conceptnet dataset,Yu Shi,Yes,Zhimin Zhao,Yes
cli,https://github.com/pytorch/benchmark/blob/68cf9dffe5df4eedac42512dc92598fffff335ae/scripts/update_device_batch_size.py#L47,,update model batchsizes,Yu Shi,Yes,Zhimin Zhao,Yes
api,https://github.com/simpler-env/SimplerEnv/blob/4ab7178e83e84ee06894034ec6dbf9e7aad1e882/simpler_env/utils/io.py#L40,simpler-env__SimplerEnv/load_image_arrays,load and convert images,Yu Shi,Yes,Zhimin Zhao,Yes
cli,https://github.com/EleutherAI/lm-evaluation-harness/blob/9f152e0b89e777a17a21e9207da2ae4c1ea8beec/lm_eval/tasks/translation/utils.py#L117,,generate translation yamls,,,,
cli,https://github.com/Cloud-CV/EvalAI/blob/8d1444f233a84f57b4a6b3db2bc7503da4cc7194/scripts/monitoring/auto_cancel_submissions.py#L64,,cancel stale submissions,,,,
cli,https://github.com/facebookresearch/DomainBed/blob/b93c22a1cfc3b2428398272c1a116c8de1f4139e/domainbed/scripts/sweep.py#L138,,launch training jobs,,,,
